t,S,I,R
0.0,990.0,10.0,0.0
0.05,989.7510094283421,10.123221941265898,0.12576863039201994
0.1,989.4990153201708,10.247898072231514,0.2530866075976502
0.15,989.243983845902,10.374043948021487,0.3819722060765054
0.2,988.9858808548255,10.50167524966038,0.5124438955141676
0.25,988.7246718735825,10.630807784021933,0.6445203423956541
0.3,988.4603221046789,10.761457483743115,0.7782204115780327
0.35,988.1927964250364,10.893640407101916,0.913563167861736
0.4,987.9220593845821,11.027372737857792,1.050567877560117
0.45,987.6480752048795,11.16267078505369,1.18925401006677
0.5,987.3708077778014,11.299550982778545,1.3296412394201318
0.55,987.0902206642461,11.438029889889096,1.471749445864862
0.6,986.8062770929007,11.578124189689905,1.6155987174094824
0.65,986.5189399590499,11.719850689570375,1.7612093513797549
0.7,986.2281718234352,11.863226320597605,1.90860185596724
0.75,985.9339349111638,12.008268137063855,2.0577969517724917
0.8,985.6361911106704,12.1549933159874,2.208815573342298
0.85,985.3349019727342,12.303419156565528,2.3616788707003895
0.9,985.0300287095507,12.453563079578393,2.516408210871004
0.95,984.721532193863,12.605442626742459,2.673025179394682
1.0,984.4093729581523,12.759075460012216,2.8315515818356642
1.05,984.0935111938911,12.914479360828823,2.9920094452802224
1.1,983.7739067508605,13.071672229314359,3.1544210198252687
1.15,983.4505191365333,13.230672083410285,3.3188087800565373
1.2,983.1233075155258,13.391497057958757,3.485195426515651
1.25,982.7922307091195,13.554165403725348,3.653603887155326
1.3,982.4572471948564,13.71869548636178,3.824057318782001
1.35,982.1183151062079,13.885105785307214,3.9965791084851094
1.4,981.7753922323213,14.053414892626623,4.171192875052228
1.45,981.4284360178461,14.223641511784772,4.347922470369307
1.5,981.0774035628408,14.395804456354288,4.52679198080516
1.55,980.7222516227645,14.569922648656334,4.7078257285793885
1.6,980.3629366085551,14.746015118332306,4.891048273112885
1.65,979.9994145867952,14.924101000845011,5.076484412360039
1.7,979.6316412799707,15.10419953590778,5.264159184121771
1.75,979.259572066822,15.286330065839861,5.4540978673384535
1.8,978.8831619827919,15.470512033846562,5.646325983361818
1.85,978.5023657205729,15.65676498222245,5.8408692972048835
1.9,978.1171376307553,15.845108550476011,6.037753818768934
1.95,977.7274317225796,16.035562473374103,6.237005804046554
2.0,977.333201664796,16.228146578904514,6.438651756299708
2.05,976.9344007866334,16.422880786154977,6.642718427211838
2.1,976.5309820788805,16.61978510310691,6.849232818012912
2.15,976.1228981950818,16.818879624342184,7.058222180576351
2.2,975.7101014528524,17.02018452866121,7.269714018486746
2.25,975.2925438353126,17.223720076610576,7.483736088077225
2.3,974.8701769926465,17.429506607918526,7.700316399435359
2.35,974.4429522437875,17.6375645388365,7.919483217376412
2.4,974.0108205782327,17.84791435938498,8.141265062382757
2.45,973.5737326579903,18.060576630501874,8.365690711508293
2.5,973.1316388196623,18.275571981091645,8.592789199246548
2.55,972.6844890766657,18.4929211049734,8.82258981836131
2.6,972.2322331215958,18.71264475772618,9.055122120678448
2.65,971.7748203287332,18.934763753429575,9.29041591783764
2.7,971.3121997566997,19.159298961297967,9.528501282002724
2.75,970.8443201512646,19.386271302206524,9.769408546529263
2.8,970.3711299483052,19.61570174510716,10.013168306588039
2.85,969.8925772769247,19.84761130333268,10.25981141974302
2.9,969.4086099627307,20.082021030787285,10.509369006482428
2.95,968.9191755312772,20.318952018021655,10.761872450701487
3.0,968.4242212116742,20.55842538819079,11.017353400135343
3.05,967.9236939403667,20.80046229289289,11.275843766740755
3.1,967.4175403650879,21.045083907887392,11.537375727024989
3.15,966.9057068489894,21.292311428690475,11.801981722320432
3.2,966.3881394749507,21.54216606604627,12.06969445900339
3.25,965.8647840500729,21.79466904127196,12.340546908655455
3.3,965.3355861103593,22.049841581475118,12.614572308165933
3.35,964.8004909255851,22.307704914641533,12.891804159773647
3.4,964.2594435043619,22.568280264591795,13.172276231046528
3.45,963.7123885993979,22.83158884580504,13.456022554797347
3.5,963.1592707129582,23.097651858108097,13.743077428933882
3.55,962.6000341025298,23.366490481228503,14.033475416241881
3.6,962.0346227866914,23.638125869209716,14.32725134409905
3.65,961.4629805511948,23.912579144686973,14.624440304118362
3.7,960.885050955259,24.189871393022244,14.925077651718972
3.75,960.3007773380806,24.470023656296778,15.22919900562287
3.8,959.7101028255648,24.753056927159747,15.536840247275608
3.85,959.1129703372794,25.038992142531562,15.84803752018918
3.9,958.5093225936345,25.32785017716046,16.16282722920529
3.95,957.899102123292,25.619651837031018,16.48124603967718
4.0,957.2822512708088,25.914417852623252,16.803330876568083
4.05,956.6587122045146,26.212168872021106,17.12911892346452
4.1,956.0284269246287,26.512925453869038,17.458647621502486
4.15,955.3913372716199,26.81670806017564,17.791954668204628
4.2,954.7473849348106,27.123537048963104,18.12907801622651
4.25,954.0965114612285,27.433432666761618,18.470055872010075
4.3,953.4386582647104,27.74641504094759,18.814926694342226
4.35,952.7737666352587,28.06250417192489,19.163729192816724
4.4,952.1017777486546,28.381719925148253,19.516502326197347
4.45,951.4226326763319,28.70408202298805,19.873285300680315
4.5,950.7362723955104,29.02961003643582,20.234117568054106
4.55,950.0426377995959,29.358323376649857,20.599038823754512
4.6,949.3416697088468,29.690241286340445,20.968089004813066
4.65,948.6333088813093,30.02538283099422,21.341308287696762
4.7,947.9174960240259,30.363766889937356,21.718737086037045
4.75,947.1941718045168,30.705412147237357,22.100416048246156
4.8,946.4632768625385,31.05033708244326,22.486386055018666
4.85,945.7247518221199,31.39855996116422,22.876688216716275
4.9,944.9785373038799,31.75009882548657,23.271363870633852
4.95,944.2245739376262,32.10497148422945,23.670454578144646
5.0,943.4628023752382,32.4631955030394,24.07400212172274
5.05,942.6931633038355,32.82478819432423,24.48204850184061
5.1,941.9155974592337,33.18976660702669,24.894635933739917
5.15,941.1300456396882,33.55814751623871,25.311806844073445
5.2,940.3364487199274,33.92994741265676,25.733603867416196
5.25,939.5347476654771,34.30518249187951,26.160069842643775
5.3,938.7248835472758,34.683868643548664,26.591247809175922
5.35,937.9067975565829,35.06602144033416,27.027181003083378
5.4,937.0804310201792,35.4516561267652,27.467912853056102
5.45,936.2457254158612,35.840787607908425,27.913486976230875
5.5,935.4026223882289,36.233430437895066,28.36394717387652
5.55,934.5510637647672,36.6295988082987,28.81933742693469
5.6,933.6909915722204,37.02930653636565,29.279701891414497
5.65,932.8223480532612,37.43256705310019,29.745084893639113
5.7,931.9450756834513,37.839393391206755,30.215530925342502
5.75,931.0591171884942,38.24979817289173,30.691084638614623
5.8,930.16441556178,38.66379359752741,31.17179084069321
5.85,929.2609140822191,39.08139142918094,31.657694488600555
5.9,928.3485563323657,39.50260298401135,32.148840683623575
5.95,927.4272862168274,39.92743911753772,32.64527466563547
6.0,926.4970479809609,40.355910211782145,33.14704180725756
6.05,925.5577862298503,40.78802616229075,33.654187607859534
6.1,924.609445947567,41.22379636503686,34.16675768739678
6.15,923.6519725167071,41.66322970321019,34.684797780083294
6.2,922.6853117382058,42.10633453389619,35.20835372789868
6.25,921.7094098514224,42.553118674650165,35.73747147392813
6.3,920.7242135544963,43.003589389970635,36.272197055533795
6.35,919.7296700249673,43.457753377676816,36.812576597356546
6.4,918.7257269406584,43.91561675519537,37.35865630414688
6.45,917.7123325008153,44.37718504576161,37.91048245342384
6.5,916.689435447499,44.84246316454077,38.468101387960964
6.55,915.6569850872274,45.31145540467503,39.0315595080983
6.6,914.614931312859,45.7841654232623,39.60090326387952
6.65,913.5632246257144,46.26059622727293,40.17617914701345
6.7,912.5018161579309,46.74075015941079,40.75743368265908
6.75,911.4306576950415,47.224628883925526,41.3447134210337
6.8,910.3497016987748,47.712233372382684,41.9380649288433
6.85,909.2589013300669,48.203563889399014,42.53753478053486
6.9,908.1582104722803,48.698619978350294,43.14316954937022
6.95,907.0475837546204,49.19740044705926,43.75501579832111
7.0,905.9269765757439,49.69990335347166,44.37312007078526
7.05,904.7963451275491,50.20612599132833,44.99752888112336
7.1,903.655646419142,50.71606487584178,45.62828870501696
7.15,902.5048383009674,51.229715729385894,46.265445969647466
7.2,901.3438794890972,51.74707346720742,46.909047043696205
7.25,900.1727295896659,52.268132183168575,47.55913822716633
7.3,898.9913491234445,52.792885135529765,48.21576574102652
7.35,897.7996995505412,53.321324732782216,48.878975716677395
7.4,896.5977432952195,53.85344251954012,49.548814185241135
7.45,895.3854437708233,54.38922916250234,50.22532706667519
7.5,894.1627654047957,54.92867443649402,50.908560158711076
7.55,892.9296736637833,55.471767210598344,51.59855912561909
7.6,891.686135078811,56.01849543438928,52.295369486800446
7.65,890.4321172705168,56.56884612427614,52.99903660520791
7.7,889.1675889744332,57.12280534997104,53.709605675596514
7.75,887.8925200663041,57.68035822109068,54.427121712606
7.8,886.6068815874204,58.24148887390378,55.151629538676616
7.85,885.3106457699645,58.80618045823607,55.88317377180025
7.9,884.0037860623472,59.37441512454458,56.62179881310895
7.95,882.6862771545244,59.946174011173426,57.3675488343029
8.0,881.358095003277,60.521437231803326,58.12046776492045
8.05,880.019216857441,61.10018386310727,58.8805992794524
8.1,878.6696212830725,61.68239193262488,59.64798678430334
8.15,877.3092881885292,62.26803840686847,60.42267340460306
8.2,875.9381988494571,62.8570991796732,61.204701970870396
8.25,874.5563359336621,63.449549060805026,61.99411500553353
8.3,873.1636835258527,64.04536176483893,62.79095470930915
8.35,871.760227152235,64.64450990032118,63.59526294744456
8.4,870.3459538049455,65.24696495922893,64.40708123582627
8.45,868.920851966302,65.85269730674027,65.22645072695836
8.5,867.4849116328563,66.46167617132882,66.05341219581551
8.55,866.0381243392308,67.07386963519609,66.8880060255738
8.6,864.5804831817208,67.68924462505542,67.73027219322447
8.65,863.1119828416446,68.30776690328143,68.58025025507463
8.7,861.6326196084229,68.9294010594382,69.43797933213955
8.75,860.1423914023682,69.55411050220069,70.3034980954318
8.8,858.6412977971667,70.18185745168242,71.17684475115158
8.85,857.1293400420328,70.81260293218386,72.05805702578395
8.9,855.6065210835175,71.4463067653749,72.94717215110833
8.95,854.0728455869508,72.08292756392487,73.84422684912498
9.0,852.5283199575008,72.72242272559451,74.74925731690539
9.05,850.9729523608269,73.36474842780257,75.66229921137123
9.1,849.4067527433108,74.00985962268108,76.58338763400879
9.15,847.8297328518435,74.65771003263262,77.51255711552461
9.2,846.2419062531496,75.30825214640242,78.44984160044864
9.25,844.6432883526298,75.96143721567893,79.39527443169187
9.3,843.0338964127008,76.61721525223527,80.3488883350646
9.35,841.4137495706135,77.27553502562472,81.31071540376244
9.4,839.7828688557306,77.93634406144267,82.28078708282736
9.45,838.1412772062436,78.59958864016701,83.25913415359001
9.5,836.4889994853088,79.26521379658983,84.24578671810193
9.55,834.8260624965856,79.9331633198513,85.24077418356373
9.6,833.1524949991544,80.60337975408815,86.24412524675806
9.65,831.4683277217987,81.27580439970754,87.25586787849439
9.7,829.7735933766301,81.95037731529719,88.27602930807342
9.75,828.0683266720378,82.62703732018294,89.30463600777998
9.8,826.3525643249461,83.30572199764323,90.34171367741135
9.85,824.6263450723592,83.98636769879107,91.3872872288504
9.9,822.8897096821768,84.66890954713261,92.44138077069132
9.95,821.1427009632629,85.3532814438114,93.50401759292644
10.0,819.3853637747501,86.03941607354729,94.5752201517033
10.05,817.6177450345631,86.72724491127767,95.65501005415992
10.1,815.8398937271436,87.41669822950927,96.7434080433478
10.15,814.0518609103617,88.10770510638754,97.84043398325136
10.2,812.2536997215982,88.80019343449013,98.94610684391233
10.25,810.4454653829803,89.49408993035115,100.06044468666926
10.3,808.6272152057593,90.18932014472134,101.18346464952002
10.35,806.7990085938134,90.88580847356963,102.31518293261765
10.4,804.9609070462617,91.58347816983058,103.45561478390832
10.45,803.112974159179,92.28225135590124,104.60477448492044
10.5,801.2552756263941,92.98204903689123,105.76267533671532
10.55,799.3878792393648,93.68279111462836,106.92932964600752
10.6,797.5108548861132,94.38439640242204,108.10474871146543
10.65,795.6242745492136,95.08678264058584,109.28894281020115
10.7,793.7282123028224,95.78986651271956,110.4819211844587
10.75,791.8227443087379,96.49356366275154,111.68369202851119
10.8,789.9079488114859,97.19778871273971,112.89426247577507
10.85,787.983906132418,97.90245528143058,114.11363858615208
10.9,786.0506986628187,98.607476003574,115.34182533360794
10.95,784.1084108560135,99.31276254999044,116.57882659399674
11.0,782.1571292184715,100.0182256483878,117.82464513314142
11.05,780.1969422998992,100.7237751049229,119.07928259517864
11.1,778.2279406823196,101.429319826503,120.34273949117808
11.15,776.2502169681342,102.13476784382138,121.61501518804519
11.2,774.2638657671648,102.84002633511999,122.89610789771595
11.25,772.2689836826743,103.54500165067265,124.18601466665386
11.3,770.2656692963643,104.24959933797967,125.48473136565678
11.35,768.2540231523515,104.95372416766575,126.7922526799835
11.4,766.2341477401212,105.65728016007112,128.10857209980844
11.45,764.206147476463,106.36017061252531,129.43368191101246
11.5,762.1701286863884,107.06229812729276,130.76757318631965
11.55,760.1261995830363,107.76356464017768,132.11023577678677
11.6,758.0744702465702,108.46387144977578,133.46165830365473
11.65,756.0150526020715,109.16311924735938,134.82182815056984
11.7,753.9480603964379,109.8612081473809,136.1907314561819
11.75,751.8736091742918,110.55803771858078,137.56835310712813
11.8,749.791816252909,111.25350701568274,138.95467673140894
11.85,747.7028006961757,111.94751461166105,140.34968469216398
11.9,745.6066832875841,112.63995863056168,141.7533580818549
11.95,743.5035865022796,113.33073678085964,143.16567671686147
12.0,741.3936344781683,114.01974638933409,144.58661913249836
12.05,739.2769529861015,114.70688443544128,146.01616257845802
12.1,737.1536693991482,115.39204758616592,147.45428301468667
12.15,735.0239126609722,116.07513223132993,148.90095510769865
12.2,732.887813253329,116.75603451933722,150.3561522273346
12.25,730.7455031626982,117.43465039333297,151.81984644396965
12.3,728.5971158460711,118.11087562775435,153.29200852617538
12.35,726.4427861959092,118.78460586525007,154.77260793884153
12.4,724.2826505042946,119.45573665394492,156.26161284176135
12.45,722.1168464262915,120.12416348502498,157.75899008868427
12.5,719.9455129425405,120.7897818306192,159.26470522684102
12.55,717.7687903211056,121.45248718195191,160.7787224969433
12.6,715.5868200785978,122.11217508774072,162.30100483366223
12.65,713.3997449405981,122.7687411928141,163.83151386658858
12.7,711.2077088014033,123.4220812769216,165.37020992167584
12.75,709.0108566831192,124.07209129371071,166.91705202317087
12.8,706.8093346941267,124.71866740984257,168.47199789603147
12.85,704.603289986947,125.36170604421956,170.03500396883425
12.9,702.3928707155301,126.00110390729708,171.60602537717355
12.95,700.1782259919983,126.63675804045103,173.1850159675514
13.0,697.9595058428662,127.26856585537382,174.77192830176068
13.05,695.7368611647712,127.89642517346962,176.3667136617599
13.1,693.5104436797388,128.52023426522103,177.96932205504086
13.15,691.2804058900141,129.1398918894985,179.5797022204882
13.2,689.0469010324886,129.75529733278339,181.19780163472885
13.25,686.8100830327515,130.36635044827688,182.8235665189724
13.3,684.5701064587976,130.97295169486506,184.45694184633825
13.35,682.3271264744191,131.5750021759122,186.0978713496696
13.4,680.0812987923165,132.17240367785345,187.74629752983094
13.45,677.8327796269565,132.76505870855823,189.40216166448616
13.5,675.5817256472094,133.35287053543627,191.06540381735527
13.55,673.3282939287981,133.9357432232578,192.73596284794505
13.6,671.0726419065899,134.51358167166015,194.41377642175087
13.65,668.8149273267626,135.08629165231287,196.09878102092543
13.7,666.555308198878,135.65377984571367,197.79091195540914
13.75,664.2939427478935,136.21595387758842,199.49010337451887
13.8,662.0309893661449,136.77272235486782,201.19628827898808
13.85,659.7666065653312,137.3239949012149,202.90939853345475
13.9,657.5009529285343,137.86968219207643,204.6293648793902
13.95,655.2341870623051,138.4096959892334,206.35611694846247
14.0,652.9664675488469,138.94394917482484,208.08958327632917
14.05,650.6979528983293,139.4723557848203,209.82969131685132
14.1,648.428801501361,139.99483104191717,211.57636745672272
14.15,646.1591715816555,140.5112913878388,213.32953703050657
14.2,643.8892211489186,141.0216545150106,215.08912433607165
14.25,641.6191079519882,141.52583939759154,216.85505265042113
14.3,639.3489894322571,142.02376632183942,218.62724424590434
14.35,637.0790226774081,142.5153569157884,220.40562040680436
14.4,634.8093643754898,143.0005341782188,222.1901014462923
14.45,632.5401707693638,143.47922250689882,223.98060672373833
14.5,630.2715976115489,143.95134772607972,225.77705466237234
14.55,628.0038001194931,144.41683711322557,227.57936276728225
14.6,625.7369329312979,144.87561942496052,229.38744764374246
14.65,623.4711500619229,145.32762492221647,231.20122501586147
14.7,621.2066048598972,145.7727853945654,233.02060974553828
14.75,618.9434499645611,146.2110341837211,234.84551585171866
14.8,616.681837263866,146.64230620619588,236.67585652993893
14.85,614.4219178527534,147.06653797509912,238.51154417214826
14.9,612.163841992138,147.48366762106465,240.3524903867981
14.95,609.9077590685185,147.8936349122953,242.19860601918694
15.0,607.6538175542356,148.2963812737141,244.0498011720511
15.05,605.4021649684013,148.69184980521135,245.90598522638825
15.1,603.1529478385178,149.07998529897915,247.76706686250398
15.15,600.9063116628065,149.46073425592505,249.63295408126936
15.2,598.662400873267,149.83404490115686,251.50355422557715
15.25,596.4213587994811,150.19986719853307,253.3787740019867
15.3,594.1833276331841,150.55815286427273,255.25851950254403
15.35,591.9484483936141,150.9088553796203,257.14269622676653
15.4,589.7168608936587,151.25193000256178,259.0312091037804
15.45,587.4887037068141,151.58733377858928,260.9239625145974
15.5,585.264114134967,151.9150255505119,262.8208603145219
15.55,583.043228177016,152.23496596731198,264.7218058556729
15.6,580.8261804983423,152.54711749204654,266.6267020096121
15.65,578.6131044011424,152.8514444087945,268.53545119006395
15.7,576.4041317956329,153.147912828651,270.447955375717
15.75,574.1993931721348,153.43649069477178,272.36411613309434
15.8,571.9990175740504,153.71714778647012,274.2838346394804
15.85,569.8031325717361,153.9898557223708,276.207011705894
15.9,567.6118642372803,154.25458796262598,278.1335478000946
15.95,565.4253371201926,154.51131981019816,280.0633430696102
16.0,563.2436742240077,154.76002841121743,281.99629736477584
16.05,561.0669969838111,155.00069275441942,283.9323102617704
16.1,558.8954252446875,155.23329366967235,285.87128108564104
16.15,556.7290772410958,155.4578138256018,287.8131089333034
16.2,554.5680695771715,155.67423772632242,289.757692696507
16.25,552.4125172079611,155.88255170728692,291.70493108475296
16.3,550.2625334215821,156.08274393026284,293.65472264815594
16.35,548.1182298223154,156.27480437744867,295.6069658002369
16.4,545.9797163146224,156.45872484474137,297.5615588406372
16.45,543.8471010880892,156.63449893416777,299.51839997774397
16.5,541.7204906032933,156.80212204549326,301.4773873512143
16.55,539.5999895785884,156.96159136702164,303.43841905439086
16.6,537.485700977804,157.11290586560006,305.40139315659684
16.65,535.3777259988553,157.25606627584443,307.366207725301
16.7,533.2761640632563,157.39107508860036,309.3327608481442
16.75,531.1811128065305,157.51793653865533,311.30095065481504
16.8,529.0926680695125,157.6366565917188,313.27067533876954
16.85,527.0109238905325,157.74724293068635,315.24183317878203
16.9,524.9359724984748,157.8497049412055,317.2143225603205
16.95,522.8679043067028,157.9440536965601,319.1880419967379
17.0,520.8068079078406,158.03030194189168,321.1628901502686
17.05,518.7527700694004,158.10846407777524,323.1387658528252
17.1,516.7058757302469,158.17855614316832,325.1155681265856
17.15,514.6662079978863,158.2405957977519,327.0931962043626
17.2,512.6338481465685,158.2946023036819,329.0715495497504
17.25,510.6088756161928,158.3405965067707,331.0505278770373
17.3,508.59136801200134,158.37860081711767,333.03003117088184
17.35,506.5814011050504,158.40863918920846,335.009959705742
17.4,504.57904883344514,158.43073710150256,336.9902140650532
17.45,502.5843833043237,158.44492153552903,338.9706951601481
17.5,500.59747479657943,158.4512209545101,340.95130424891136
17.55,498.6183917643034,158.4496652815326,342.9319429541649
17.6,496.64720084093557,158.44028587728744,344.91251328177793
17.65,494.68396684410897,158.42311551739692,346.8929176384951
17.7,492.72875278117084,158.39818836935,348.8730588494801
17.75,490.78161985536804,158.3655399690655,350.8528401755674
17.8,488.8426274726782,158.32520719710342,352.8321653302193
17.85,486.9118332492732,158.27722825454404,354.8109384961837
17.9,484.989293019598,158.22164263855487,356.7890643418481
17.95,483.075060845049,158.1584911176652,358.76644803728675
18.0,481.16918902323687,158.08781570676783,360.74299526999624
18.05,479.2717280978156,158.00965964186764,362.71861226031774
18.1,477.38272686886285,157.9240673545963,364.6932057765418
18.15,475.5022324037954,157.83108444651236,366.66668314969314
18.2,473.63029004880127,157.73075766320588,368.63895228799373
18.25,471.7669434407752,157.62313486822626,370.60992169099944
18.3,469.91223451973747,157.50826501685216,372.5795004634113
18.35,468.06620354172185,157.3861981297217,374.5475983285574
18.4,466.2288890921155,157.25698526634125,376.51412564154424
18.45,464.4003280994332,157.12067849849078,378.47899340207704
18.5,462.5805558495121,156.9773308835433,380.4421132669456
18.55,460.76960600010733,156.8269964377159,382.4033975621778
18.6,458.96751059587416,156.66973010926958,384.3627592948573
18.65,457.17430008372037,156.50558775167423,386.3201121646065
18.7,455.390003328511,156.3346260967559,388.2753705747342
18.75,453.61464762911237,156.15690272784215,390.2284496430466
18.8,451.8482587347562,155.97247605292137,392.17926521232357
18.85,450.09086086171015,155.78140527783162,394.1277338604594
18.9,448.3424767102386,155.5837503794943,396.0737729102683
18.95,446.6031274818374,155.3795720792072,398.01730043895657
19.0,444.8728328967294,155.16893181601193,399.95823528725987
19.05,443.15161121160247,154.9518917201491,401.89649706824963
19.1,441.439479237578,154.72851458661563,403.8320061758076
19.15,439.7364523583935,154.49886384883757,405.7646837927702
19.2,438.04254454878463,154.2630035524707,407.6944518987459
19.25,436.35776839305447,154.0209983293427,409.62123327760406
19.3,434.6821351038126,153.7729133715481,411.54495152464057
19.35,433.0156545408727,153.51881440570858,413.46553105341997
19.4,431.35833523029436,153.25876766740976,415.38289710229714
19.45,429.71018438355486,152.9928398758256,417.2969757406208
19.5,428.0712079168395,152.72109820854158,419.2076938746202
19.55,426.4414104704357,152.44361027658616,421.1149792529794
19.6,424.8207954282194,152.16044409968143,423.01876047210044
19.65,423.20936493722144,151.87166808172177,424.9189669810581
19.7,421.60711992726056,151.57735098649,426.81552908625076
19.75,420.01406013063354,151.27756191362005,428.7083779557477
19.8,418.4301841018483,150.97237027481412,430.5974456233389
19.85,416.8554892373904,150.66184577032277,432.48266499228816
19.9,415.28997179551135,150.34605836569523,434.3639698387947
19.95,413.73362691602784,150.02507826880768,436.2412948151657
20.0,412.18644864012236,149.69897590717613,438.1145754527027
20.05,410.64842993013343,149.3678219055605,439.98374816430726
20.1,409.1195626893271,149.03168706386614,441.8487502468079
20.15,407.5998377816395,148.69064233534874,443.70951988301294
20.2,406.08924505138043,148.34475880512778,445.56599614349295
20.25,404.58777334289084,147.9941076690143,447.418118988096
20.3,403.0954105201431,147.63876021265716,449.2658292672009
20.35,401.6121434862773,147.27878779101243,451.10906872271147
20.4,400.1379582030648,146.9142618081404,452.94777998879607
20.45,398.6728397102904,146.54525369733335,454.7819065923775
20.5,397.2167721450477,146.1718349015785,456.61139295337506
20.55,395.76973876093706,145.79407685435825,458.43618438470594
20.6,394.3317219471619,145.4120509607913,460.25622709204805
20.65,392.9027032475148,145.02582857911713,462.0714681733693
20.7,391.48266337924747,144.63548100252564,463.8818556182281
20.75,390.07158225181865,144.24107944133468,465.68733830684783
20.8,388.6694389855129,143.8426950055164,467.4878660089719
20.85,387.2762119299252,143.44039868757432,469.2833893825017
20.9,385.89187868230584,143.03426134577222,471.0738599719231
20.95,384.5164161057598,142.6243536877153,472.85923020652615
21.0,383.14980034729643,142.21074625428503,474.6394533984198
21.05,381.79200685572374,141.7935094039272,476.4144837403503
21.1,380.4430103993832,141.37271329729398,478.18427630332405
21.15,379.1027850837208,140.9484278822395,479.94878703404095
21.2,377.7713043686897,140.52072287916866,481.7079727521429
21.25,376.44854108598196,140.08966776673896,483.46179114728034
21.3,375.1344674560839,139.65533176791408,485.21020077600326
21.35,373.82905510515286,139.21778383636868,486.9531610584797
21.4,372.53227508171216,138.7770926432429,488.6906322750462
21.45,371.2440978731602,138.3333265642453,490.4225755625958
21.5,369.9644934220927,137.88655366710313,492.14895291080546
21.55,368.6934311424337,137.43684169935727,493.86972715821025
21.6,367.4308799353739,136.9842580765009,495.5848619881264
21.65,366.1768082051138,136.52886987045923,497.2943219244283
21.7,364.9311838744094,136.0707437984081,498.9980723271838
21.75,363.6939743999202,135.6099462119296,500.69607938815153
21.8,362.46514678735497,135.14654308650148,502.3883101261449
21.85,361.24466760641633,134.68060001131792,504.07473238226714
21.9,360.0325030055417,134.21218217943925,505.7553148150204
21.95,358.82861872643934,133.74135437826703,507.430026895295
22.0,357.63298011841954,133.26818098034207,509.09883890123973
22.05,356.4455521525184,132.79272593446177,510.7617219130212
22.1,355.26629943541514,132.31505275711368,512.4186478074726
22.15,354.09518622314135,131.83522452422193,514.069589252638
22.2,352.9321764345821,131.353303863203,515.7145197022162
22.25,351.7772336647692,130.8693529453274,517.3534133899047
22.3,350.6303211979649,130.38343347838327,518.9862453236532
22.35,349.49140202053803,129.89560669963865,520.6129912798247
22.4,348.36043883363095,129.40593336909816,522.2336277972722
22.45,347.2373940656183,128.91447376305044,523.8481321713326
22.5,346.1222298843585,128.42128766790256,525.4564824477403
22.55,345.014908209237,127.926434374297,527.0586574164674
22.6,343.9153907230027,127.42997267150747,528.6546366054913
22.65,342.82363888339864,126.93196084210933,530.2444002744935
22.7,341.7396139345861,126.43245665692038,531.827929408495
22.75,340.66327691836534,125.93151737020823,533.4052057114279
22.8,339.59458868519147,125.42919971515934,534.9762115996507
22.85,338.53350990498797,124.92555989960613,536.5409301954074
22.9,337.48000107775863,124.42065360200743,538.0993453202354
22.95,336.4340225439985,123.91453596767805,539.651441488325
23.0,335.39553449490654,123.40726160526344,541.1972038998315
23.05,334.3644969823995,122.8988845834546,542.7366184341474
23.1,333.3408699289294,122.38945842793919,544.2696716431329
23.15,332.32461313710644,121.87903611858441,545.7963507443108
23.2,331.3156862991274,121.36767008684706,547.3166436140272
23.25,330.31404900601325,120.85541221340692,548.8305387805815
23.3,329.3196607566554,120.34231382601841,550.3380254173278
23.35,328.3324809666737,119.82842569757656,551.8390933357514
23.4,327.35246897708737,119.31379804439284,553.3337329785214
23.45,326.3795840628006,118.79848052467628,554.8219354125248
23.5,325.41378544090514,118.28252223721609,556.3036923218805
23.55,324.455032278801,117.76597172026057,557.7789960009401
23.6,323.5032837021377,117.24887695058881,559.2478393472752
23.65,322.5584988025777,116.73128534277039,560.7102158546537
23.7,321.6206366453838,116.21324374860882,562.1661196060091
23.75,320.68965627683383,115.69479845676489,563.615545266403
23.8,319.76551673146224,115.1759951925551,565.0584880759844
23.85,318.8481770391327,114.6568791179214,566.4949438429477
23.9,317.937596231943,114.13749483156784,567.924908936491
23.95,317.0337333509643,113.61788636925994,569.3483802797775
24.0,316.13654745281696,113.0980972042832,570.7653553429017
24.05,315.2459976160848,112.57817024805586,572.1758321358611
24.1,314.3620429475706,112.05814785089231,573.5798092015389
24.15,313.48464258839397,111.53807180291345,574.9772856086944
24.2,312.61375571993455,111.01798333509916,576.3682609449681
24.25,311.74934156962274,110.4979231204801,577.752735309899
24.3,310.8913594165794,109.97793127546389,579.1307093079586
24.35,310.0397685971072,109.45804736129257,580.502184041602
24.4,309.1945285100359,108.93831038562718,581.8671611043387
24.45,308.3555986219235,108.41875880425572,583.2256425738226
24.5,307.5229384721154,107.89943052292122,584.5776310049652
24.55,306.6965076776642,107.38036289926556,585.9231294230719
24.6,305.87626593811154,106.86159274488598,587.2621413170042
24.65,305.0621730401348,106.34315632750057,588.5946706323664
24.7,304.2541888620605,105.82508937321897,589.9207217647222
24.75,303.4522733782473,105.30742706891556,591.2402995528388
24.8,302.65638666333916,104.7902040647006,592.5534092719619
24.85,301.86648889639247,104.27345447648706,593.8600566271222
24.9,301.0825403648785,103.7572118886491,595.160247746474
24.95,300.3045014685632,103.24150935676919,596.4539891746692
25.0,299.532332723267,102.72637941047094,597.7412878662636
25.05,298.7659947645063,102.21185405633388,599.0221511791615
25.1,298.0054483510184,101.69796478088759,600.2965868680957
25.15,297.2506543681734,101.18474255368194,601.5646030781463
25.2,296.50157383127294,100.67221783043034,602.8262083382984
25.25,295.75816788873993,100.16042055622347,604.0814115550384
25.3,295.0203978252,99.64938016880994,605.3302220059918
25.35,294.28822506445727,99.13912560194163,606.5726493336028
25.4,293.56161117236593,98.62968528878062,607.8087035388552
25.45,292.84051785960025,98.12108716536491,609.0383949750366
25.5,292.12490698432475,97.61335867413068,610.2617343415463
25.55,291.4147405547661,97.10652676748785,611.4787326777478
25.6,290.7099807316893,96.60061791144679,612.6894013568656
25.65,290.0105898307794,96.09565808929351,613.8937520799287
25.7,289.31653032493114,95.59167280531072,615.0917968697597
25.75,288.62776484644854,95.0886870885428,616.2835480650102
25.8,287.9442561891554,94.58672549660159,617.4690183142446
25.85,287.2659673104195,94.08581211951125,618.6482205700709
25.9,286.5928613330919,93.58597058358974,619.82116808332
25.95,285.92490154736265,93.08722405536446,620.9878743972745
26.0,285.26205141253615,92.5895952455204,622.148353341945
26.05,284.6042745587258,92.0931064128781,623.3026190283977
26.1,283.9515347884717,91.59777936839963,624.4506858431303
26.15,283.3037960782813,91.10363547922061,625.5925684424997
26.2,282.66102258009636,90.61069567270599,626.7282817471993
26.25,282.02317862268654,90.11898044052812,627.8578409367869
26.3,281.390228712972,89.62850984276477,628.9812614442649
26.35,280.76213753727615,89.13930351201543,630.0985589507101
26.4,280.1388699625107,88.65138065753418,631.2097493799569
26.45,279.5203910372937,88.16476006937705,632.314848893331
26.5,278.9066659930033,87.67946012256286,633.4138738844356
26.55,278.2976602447677,87.19549878124491,634.5068409739891
26.6,277.69333939239317,86.71289360289263,635.5937670047159
26.65,277.0936692212316,86.23166174248142,636.6746690362887
26.7,276.49861570298907,85.75181995668882,637.7495643403238
26.75,275.9081449964771,85.2733846080962,638.8184703954283
26.8,275.32222344830734,84.79637166939371,639.8814048823006
26.85,274.74081759353146,84.32079672758766,640.9383856788825
26.9,274.16389415622785,83.84667498820878,641.9894308555649
26.95,273.59142005003594,83.37402127951972,643.0345586704459
27.0,273.02336237863994,82.90285005672126,644.0737875646404
27.05,272.459688436203,82.43317540615502,645.1071361576436
27.1,271.9003657077529,81.96501104950212,646.1346232427467
27.15,271.3453618695209,81.49837034797645,647.1562677825043
27.2,270.79464478923506,81.03326630651105,648.1720889042555
27.25,270.24818252636857,80.56971157793726,649.1821058956958
27.3,269.7059433323448,80.10771846715458,650.1863382005022
27.35,269.1678956507005,79.64729893529105,651.18480541401
27.4,268.6340081172071,79.18846460385262,652.1775272789419
27.45,268.1042495599529,78.73122675886069,653.164523681188
27.5,267.578588999386,78.275596354977,654.1458146456387
27.55,267.0569956483192,77.82158401961478,655.1214203320677
27.6,266.53943891189857,77.36920005703529,656.0913610310678
27.65,266.0258883875362,76.91845445242906,657.0556571600364
27.7,265.51631386480807,76.4693568759807,658.0143292592129
27.75,265.0106853253184,76.02191668691701,658.9673979877663
27.8,264.50897294253133,75.57614293753706,659.9148841199333
27.85,264.0111470815708,75.13204437722376,660.8568085412071
27.9,263.5171782989896,74.68962945643644,661.7931922445756
27.95,263.0270373425084,74.2489063306831,662.7240563268101
28.0,262.54069515072604,73.80988286447273,663.6494219848029
28.05,262.0581228528018,73.37256663524586,664.569310511954
28.1,261.57929176810984,72.93696493728375,665.4837432946081
28.15,261.10417340586815,72.50308478559501,666.3927418085385
28.2,260.6327394647411,72.07093291977934,667.2963276154812
28.25,260.16496183241793,71.64051580786811,668.1945223597156
28.3,259.7008125851667,71.21183965014069,669.0873477646942
28.35,259.2402639873658,70.78491038291655,669.9748256297192
28.4,258.7832884910121,70.3597336823225,670.8569778266669
28.45,258.32985873520863,69.93631496803452,671.7338262967584
28.5,257.8799475456303,69.5146594069942,672.6053930473771
28.55,257.43352793396986,69.09477191709867,673.471700148933
28.6,256.99057309736475,68.6766571708644,674.3327697317724
28.65,256.5510564178043,68.26031959906402,675.1886239831332
28.7,256.1149514615194,67.84576339433595,676.0392851441461
28.75,255.6822319783546,67.43299251476682,676.88477550688
28.8,255.25287190112306,67.02201068744583,677.7251174114325
28.85,254.8268453449457,66.61282141199125,678.5603332430644
28.9,254.4041266065744,66.20542796404862,679.3904454293784
28.95,253.98469016370032,65.79983339876028,680.2154764375408
29.0,253.56851067424782,65.3960405542064,681.0354487715472
29.05,253.15556297565448,64.99405205481673,681.8503849695302
29.1,252.74582208413776,64.5938703147535,682.6603076011102
29.15,252.339263193949,64.19549754126471,683.4652392647877
29.2,251.93586167661502,63.79893573800803,684.2652025853783
29.25,251.53559308016835,63.404186708345165,685.0602202114878
29.3,251.13843312836585,63.01125205860621,685.8503148130293
29.35,250.74435771989684,62.620133201324265,686.6355090787803
29.4,250.35334292758097,62.23083135844001,687.4158257139804
29.45,249.96536499755624,61.84334756447601,688.1912874379692
29.5,249.5804003484579,61.45768266968118,688.9619169818624
29.55,249.19842557058837,61.073837343144646,689.7277370862685
29.6,248.81941742507857,60.69181207587945,690.4887704990434
29.65,248.44335284304168,60.311607183875914,691.2450399730839
29.7,248.07020892471886,59.93322281112448,691.9965682641581
29.75,247.6999629386181,59.55665893260836,692.7433781287749
29.8,247.33259232064628,59.1819153572655,693.4854923220896
29.85,246.9680746732345,58.80899173092031,694.2229335958466
29.9,246.60638776445782,58.43788753918486,694.9557246963587
29.95,246.24750952714894,58.06860211032959,695.6838883625229
30.0,245.89141805800696,57.70113461812394,696.4074473238705
30.05,245.53809161670088,57.335484084646254,697.1264242986543
30.1,245.1875086249685,56.97164938306364,697.8408419919693
30.15,244.83964766571117,56.6096292403815,698.5507230939088
30.2,244.49448748208437,56.249422240162716,699.2560902777544
30.25,244.15200697658483,55.89102682521704,699.9569661981997
30.3,243.812185210134,55.534441300260134,700.6533734896074
30.35,243.47500140115872,55.17966383454275,701.3453347643
30.4,243.14043492466888,54.826692464450076,702.0328726108825
30.45,242.80846531133258,54.475525096071145,702.7160095925976
30.5,242.47907224654926,54.12615950773883,703.3947682457133
30.55,242.15223556952049,53.778593352539986,704.069171077941
30.6,241.82793527231928,53.432824160796315,704.7392405668858
30.65,241.50615149895788,53.08884934251585,705.4049991585276
30.7,241.18686454445407,52.74666618981513,706.0664692657322
30.75,240.87005485389682,52.406271879312534,706.723673266792
30.8,240.55570302151088,52.06766347449244,707.376633503998
30.85,240.24378978972086,51.73083792804071,708.0253722822398
30.9,239.934296048215,51.395792084151495,708.6699118676348
30.95,239.62720283300868,51.06252268080548,709.3102744861872
31.0,239.32249132550808,50.731026352019974,709.9464823224732
31.05,239.02014285157406,50.40129963007058,710.5785575183567
31.1,238.72013888058635,50.073338947684995,711.20652217173
31.15,238.4224610245085,49.74714064020891,711.8303983352839
31.2,238.12709103695346,49.42270094774418,712.4502080153037
31.25,237.8340108122503,49.10001601725965,713.0659731704914
31.3,237.54320238451194,48.77908190467443,713.6777157108149
31.35,237.25464792670402,48.459894576914174,714.2854574963831
31.4,236.96832974971548,48.142449913940375,714.8892203363454
31.45,236.6842303014305,47.826743710752744,715.489025987818
31.5,236.40233216580228,47.51277167936525,716.0848961548337
31.55,236.1226180619287,47.20052945075552,716.676852487317
31.6,235.8450708431299,46.89001257678814,717.2649165800832
31.65,235.56967349602795,46.58121653211199,717.8491099718613
31.7,235.29640913962893,46.27413671603159,718.4294541443406
31.75,235.02526102440743,45.968768454353125,719.0059705212407
31.8,234.75621253139317,45.66510700120475,719.5786804674033
31.85,234.48924717126073,45.3631475408319,720.1476052879086
31.9,234.2243485834216,45.06288518936752,720.7127662272121
31.95,233.9615005351193,44.76431499657741,721.2741844683045
32.0,233.70068692052735,44.46743194758124,721.8318811318926
32.05,233.44189175985014,44.17223096454892,722.3858772756022
32.1,233.18509919842708,43.87870690837284,722.9361938932013
32.15,232.93029350584007,43.58685458031643,723.4828519138448
32.2,232.67745907502373,43.296668723638426,724.0258722013391
32.25,232.42658042137975,43.00814402519431,724.5652755534272
32.3,232.17764218189402,42.72127511701371,725.1010827010936
32.35,231.9306291142577,42.43605657785517,725.6333143078884
32.4,231.68552609599186,42.152482934738,726.1619909692714
32.45,231.44231812357552,41.87054866445107,726.6871332119747
32.5,231.2009903115778,41.590248195039685,727.2087614933838
32.55,230.9615278917936,41.311575907269685,727.726896200938
32.6,230.72391621238322,41.034526136069864,728.2415576515482
32.65,230.4881407370161,40.75909317195256,728.7527660910326
32.7,230.25418704401812,40.48527126241228,729.2605416935709
32.75,230.02204082552345,40.21305461330355,729.7649045611743
32.8,229.79168788663,39.94243739019689,730.2658747231744
32.85,229.5631141445593,39.673413719714404,730.7634721357276
32.9,229.33630562782068,39.40597769084443,731.2577166813362
32.95,229.11124847537906,39.14012335623546,731.7486281683867
33.0,228.8879289358279,38.875844733470196,732.2362263307032
33.05,228.66633336656557,38.61313580631897,732.7205308271167
33.1,228.4464482329767,38.3519905259737,733.2015612410509
33.15,228.22826010761764,38.0924028122621,733.6793370801215
33.2,228.0117556694062,37.83436655484214,734.1538777757529
33.25,227.79692170281623,37.57787561437772,734.6252026828073
33.3,227.58374509707616,37.32292382369483,735.0933310792303
33.35,227.37221284537236,37.06950498891922,735.5582821657097
33.4,227.16231204405713,36.81761289059545,736.0200750653487
33.45,226.9540298918607,36.56724128478715,736.4787288233534
33.5,226.74735368910845,36.31838390415967,736.9342624067332
33.55,226.54227083694215,36.07103445904413,737.386694704015
33.6,226.33876883654608,35.8251866384841,737.836044524971
33.65,226.1368352883779,35.58083411126466,738.2823306003587
33.7,225.93645789140368,35.33797052692372,738.7255715816739
33.75,225.73762444233807,35.096589516746704,739.1657860409165
33.8,225.54032283488877,34.85668469474375,739.6029924703687
33.85,225.34454105900588,34.61824965861044,740.0372092823849
33.9,225.1502672001359,34.381277990671975,740.4684548091933
33.95,224.9574894384801,34.14576325881066,740.8967473027104
34.0,224.7661960482582,33.91169901737765,741.3221049343654
34.05,224.576375396976,33.67907880808827,741.7445457949369
34.1,224.3880159446983,33.44789616090185,742.1640878944011
34.15,224.2011062433263,33.21814459488595,742.580749161789
34.2,224.01563493587952,32.98981761906489,742.9945474450568
34.25,223.83159075578274,32.76290873325352,743.405500510965
34.3,223.64896252615742,32.53741142887551,743.8136260449684
34.35,223.4677391591179,32.31331918976708,744.2189416511163
34.4,223.28790965507235,32.09062549296615,744.6214648519629
34.45,223.10946310202817,31.86932380948663,745.0212130884865
34.5,222.93238867490246,31.649407605078988,745.41820372002
34.55,222.75667563483677,31.43087034097617,745.8124540241885
34.6,222.58231332851685,31.213705474625975,746.2039811968585
34.65,222.40929118749693,30.99790646040967,746.5928023520947
34.7,222.2375987275285,30.78346675034674,746.9789345221261
34.75,222.06722554789417,30.570379794786728,747.3623946573205
34.8,221.89816133074564,30.3586390430874,747.7431996261683
34.85,221.7303958404467,30.148237944280208,748.1213662152745
34.9,221.5639189229208,29.93916994772286,748.4969111293577
34.95,221.39872050500293,29.731428503738936,748.8698509912596
35.0,221.23479059379653,29.52500706424542,749.2402023419595
35.05,221.07211927603467,29.319899083367435,749.6079816405994
35.1,220.91069671744583,29.116098018041114,749.9732052645146
35.15,220.7505131621245,28.913597328604425,750.3358895092726
35.2,220.59155893190587,28.712390479375873,750.6960505887198
35.25,220.4338244257456,28.51247093922194,751.053704635034
35.3,220.27730011910356,28.31383218211257,751.4088676987855
35.35,220.12197656333237,28.11646768766556,751.7615557490036
35.4,219.96784438507052,27.920370941679742,752.1117846732512
35.45,219.81489428563953,27.72553543665684,752.4595702777051
35.5,219.663117040446,27.531954672312832,752.8049282872427
35.55,219.51250349838787,27.339622156078136,753.1478743455355
35.6,219.36304458126503,27.148531403587516,753.4884240151489
35.65,219.21473128319454,26.9586759391595,753.8265927776474
35.7,219.06755467002992,26.770049296265256,754.1623960337063
35.75,218.92150587878518,26.58264501798771,754.4958491032286
35.8,218.77657611706272,26.396456657470253,754.8269672254685
35.85,218.6327566624859,26.211477778355892,755.1557655591597
35.9,218.49003886213575,26.027701955216624,755.4822591826492
35.95,218.348414131992,25.84512277397302,755.8064630940365
36.0,218.20787395637834,25.663733832304747,756.1283922113184
36.05,218.06840988741178,25.4835287400514,756.4480613725383
36.1,217.93001354445647,25.304501119604446,756.7654853359405
36.15,217.79267661358156,25.126644606290125,757.0806787801297
36.2,217.65639084702312,24.949952848743212,757.393656304235
36.25,217.52114806265044,24.774419509272413,757.7044324280785
36.3,217.38694014343622,24.600038264216725,758.0130215923484
36.35,217.25375903693094,24.426802804293587,758.3194381587768
36.4,217.12159675474143,24.254706834938634,758.6236964103213
36.45,216.99044537201323,24.083744076636965,758.9258105513511
36.5,216.8602970269172,23.91390826524666,759.2257947078374
36.55,216.73114392014008,23.74519315231396,759.5236629275472
36.6,216.60297831437882,23.57759250538077,759.8194291802416
36.65,216.4757925338393,23.411100108284483,760.1131073578774
36.7,216.34957896373848,23.245709761449845,760.4047112748129
36.75,216.2243300498109,23.08141528217374,760.6942546680166
36.8,216.10003829781874,22.918210504902195,760.9817511972802
36.85,215.97669627306593,22.756089281500326,761.2672144454349
36.9,215.854296599916,22.595045481515147,761.55065791857
36.95,215.73283196131385,22.43507299243107,761.8320950462562
37.0,215.61229509831114,22.27616571991883,762.1115391817711
37.05,215.49267880959562,22.118317588077208,762.3890036023283
37.1,215.37397595102408,21.961522539668294,762.6645015093088
37.15,215.25617943515914,21.805774536346107,762.9380460284959
37.2,215.1392822308095,21.651067558878488,763.2096502103132
37.25,215.0232773625742,21.497395607362936,763.479327030064
37.3,214.90815791039017,21.344752701435798,763.7470893881751
37.35,214.79391700908369,21.19313288047548,764.0129501104419
37.4,214.68054784792528,21.042530203799583,764.2769219482763
37.45,214.56804367018813,20.89293875085579,764.5390175789572
37.5,214.45639777271032,20.744352621407216,764.7992496058836
37.55,214.34560350546016,20.596765935711602,765.0576305588294
37.6,214.23565427110546,20.450172834695046,765.3141728942006
37.65,214.12654352458603,20.3045674801201,765.568888995295
37.7,214.01826477268958,20.15994405474816,765.8217911725634
37.75,213.91081157363126,20.016296762496737,766.0728916638732
37.8,213.80417753663642,19.873619828591078,766.3222026347737
37.85,213.69835632152675,19.731907499710765,766.5697361787637
37.9,213.59334163831002,19.591154044131155,766.8155043175601
37.95,213.48912724677277,19.451353751859546,767.0595190013689
38.0,213.3857069560766,19.312500934766675,767.301792109158
38.05,213.28307462435765,19.17458992671302,767.5423354489305
38.1,213.18122415832923,19.03761508367049,767.7811607580015
38.15,213.0801495128879,18.901570783839404,768.018279703274
38.2,212.97984469072262,18.766451427760597,768.253703881518
38.25,212.880303741927,18.6322514384233,768.4874448196509
38.3,212.78152076361502,18.49896526136821,768.719513975018
38.35,212.68348989953947,18.366587364786376,768.9499227356754
38.4,212.58620533971396,18.235112239613755,769.1786824206736
38.45,212.48966132003758,18.104534399621315,769.4058042803424
38.5,212.39385212192306,17.974848381501264,769.631299496577
38.55,212.29877207192757,17.84604874494889,769.8551791831248
38.6,212.20441554138682,17.71813007274059,770.0774543858739
38.65,212.11077694605214,17.591086970807897,770.2981360831413
38.7,212.0178507457303,17.4649140683075,770.5172351859636
38.75,211.92563144392665,17.3396060176877,770.734762538387
38.8,211.83411358749092,17.21515749475085,770.9507289177596
38.85,211.74329176626597,17.091563198712336,771.1651450350231
38.9,211.65316061273955,16.96881785225591,771.3780215350059
38.95,211.56371480169884,16.846916201585355,771.5893689967172
39.0,211.47494904988778,16.72585301647293,771.7991979336407
39.05,211.38685811566734,16.60562309030413,772.0075187940299
39.1,211.2994367986785,16.486221240119324,772.2143419612036
39.15,211.21267993950806,16.36764230665205,772.4196777538413
39.2,211.12658241935716,16.249881154364008,772.6235364262802
39.25,211.04113915971263,16.13293267147708,772.8259281688117
39.3,210.95634512202085,16.01679177000204,773.0268631079786
39.35,210.87219530736454,15.901453385764421,773.2263513068725
39.4,210.78868475614212,15.78691247842735,773.424402765432
39.45,210.70580854774957,15.673164031511355,773.6210274207405
39.5,210.62356180026526,15.560203052411538,773.8162351473246
39.55,210.54193967013705,15.4480245724117,774.0100357574527
39.6,210.46093735187208,15.336623646695893,774.2024390014335
39.65,210.38055007772928,15.22599535435726,774.3934545679149
39.7,210.30077311741422,15.116134798404104,774.5830920841831
39.75,210.22160177777658,15.007037105763589,774.7713611164613
39.8,210.14303140251008,14.898697427282679,774.9582711702087
39.85,210.06505737185495,14.791110937726758,775.1438316904198
39.9,209.98767510230286,14.68427283577581,775.3280520619229
39.95,209.91088004630416,14.57817834401807,775.5109416096793
40.0,209.8346676919778,14.472822708941578,775.6925095990822
