time,Think_1,Think_2,Think_3,Think_4,Think_5,Hungry_1,Hungry_2,Hungry_3,Hungry_4,Hungry_5,Eat_1,Eat_2,Eat_3,Eat_4,Eat_5,Fork_1,Fork_2,Fork_3,Fork_4,Fork_5,Arbiter
0.0,1.0,1.0,1.0,1.0,1.0,0.0,0.0,0.0,0.0,0.0,0.0,0.0,0.0,0.0,0.0,1.0,1.0,1.0,1.0,1.0,4.0
0.2,0.6,0.6,0.6,0.6,0.6,0.4,0.4,0.4,0.4,0.4,0.0,0.0,0.0,0.0,0.0,0.6,0.6,0.6,0.6,0.6,2.0
0.4,0.6,0.6,0.6,0.6,0.6,0.4,0.4,0.4,0.4,0.4,0.0,0.0,0.0,0.0,0.0,0.6,0.6,0.6,0.6,0.6,2.0
0.6,0.6,0.6,0.6,0.6,0.6,0.4,0.4,0.4,0.4,0.4,0.0,0.0,0.0,0.0,0.0,0.6,0.6,0.6,0.6,0.6,2.0
0.8,0.6,0.6,0.6,0.6,0.6,0.4,0.4,0.4,0.4,0.4,0.0,0.0,0.0,0.0,0.0,0.6,0.6,0.6,0.6,0.6,2.0
1.0,0.6,0.6,0.6,0.6,0.6,0.4,0.4,0.4,0.4,0.4,0.0,0.0,0.0,0.0,0.0,0.6,0.6,0.6,0.6,0.6,2.0
1.2,0.6,0.6,0.6,0.6,0.6,0.4,0.4,0.4,0.4,0.4,0.0,0.0,0.0,0.0,0.0,0.6,0.6,0.6,0.6,0.6,2.0
1.4,0.6,0.6,0.6,0.6,0.6,0.4,0.4,0.4,0.4,0.4,0.0,0.0,0.0,0.0,0.0,0.6,0.6,0.6,0.6,0.6,2.0
1.6,0.6,0.6,0.6,0.6,0.6,0.4,0.4,0.4,0.4,0.4,0.0,0.0,0.0,0.0,0.0,0.6,0.6,0.6,0.6,0.6,2.0
1.8,0.6,0.6,0.6,0.6,0.6,0.4,0.4,0.4,0.4,0.4,0.0,0.0,0.0,0.0,0.0,0.6,0.6,0.6,0.6,0.6,2.0
2.0,0.6,0.6,0.6,0.6,0.6,0.4,0.4,0.4,0.4,0.4,0.0,0.0,0.0,0.0,0.0,0.6,0.6,0.6,0.6,0.6,2.0
2.2,0.6,0.6,0.6,0.6,0.6,0.4,0.4,0.4,0.4,0.4,0.0,0.0,0.0,0.0,0.0,0.6,0.6,0.6,0.6,0.6,2.0
2.4,0.6,0.6,0.6,0.6,0.6,0.4,0.4,0.4,0.4,0.4,0.0,0.0,0.0,0.0,0.0,0.6,0.6,0.6,0.6,0.6,2.0
2.6,0.6,0.6,0.6,0.6,0.6,0.4,0.4,0.4,0.4,0.4,0.0,0.0,0.0,0.0,0.0,0.6,0.6,0.6,0.6,0.6,2.0
2.8,0.6,0.6,0.6,0.6,0.6,0.4,0.4,0.4,0.4,0.4,0.0,0.0,0.0,0.0,0.0,0.6,0.6,0.6,0.6,0.6,2.0
3.0,0.6,0.6,0.6,0.6,0.6,0.4,0.4,0.4,0.4,0.4,0.0,0.0,0.0,0.0,0.0,0.6,0.6,0.6,0.6,0.6,2.0
3.2,0.6,0.6,0.6,0.6,0.6,0.4,0.4,0.4,0.4,0.4,0.0,0.0,0.0,0.0,0.0,0.6,0.6,0.6,0.6,0.6,2.0
3.4,0.6,0.6,0.6,0.6,0.6,0.4,0.4,0.4,0.4,0.4,0.0,0.0,0.0,0.0,0.0,0.6,0.6,0.6,0.6,0.6,2.0
3.6,0.6,0.6,0.6,0.6,0.6,0.4,0.4,0.4,0.4,0.4,0.0,0.0,0.0,0.0,0.0,0.6,0.6,0.6,0.6,0.6,2.0
3.8,0.6,0.6,0.6,0.6,0.6,0.4,0.4,0.4,0.4,0.4,0.0,0.0,0.0,0.0,0.0,0.6,0.6,0.6,0.6,0.6,2.0
4.0,0.6,0.6,0.6,0.6,0.6,0.4,0.4,0.4,0.4,0.4,0.0,0.0,0.0,0.0,0.0,0.6,0.6,0.6,0.6,0.6,2.0
4.2,0.6,0.6,0.6,0.6,0.6,0.4,0.4,0.4,0.4,0.4,0.0,0.0,0.0,0.0,0.0,0.6,0.6,0.6,0.6,0.6,2.0
4.4,0.6,0.6,0.6,0.6,0.6,0.4,0.4,0.4,0.4,0.4,0.0,0.0,0.0,0.0,0.0,0.6,0.6,0.6,0.6,0.6,2.0
4.6,0.6,0.6,0.6,0.6,0.6,0.4,0.4,0.4,0.4,0.4,0.0,0.0,0.0,0.0,0.0,0.6,0.6,0.6,0.6,0.6,2.0
4.8,0.6,0.6,0.6,0.6,0.6,0.4,0.4,0.4,0.4,0.4,0.0,0.0,0.0,0.0,0.0,0.6,0.6,0.6,0.6,0.6,2.0
5.0,0.6,0.6,0.6,0.6,0.6,0.4,0.4,0.4,0.4,0.4,0.0,0.0,0.0,0.0,0.0,0.6,0.6,0.6,0.6,0.6,2.0
5.2,0.6,0.6,0.6,0.6,0.6,0.4,0.4,0.4,0.4,0.4,0.0,0.0,0.0,0.0,0.0,0.6,0.6,0.6,0.6,0.6,2.0
5.4,0.6,0.6,0.6,0.6,0.6,0.4,0.4,0.4,0.4,0.4,0.0,0.0,0.0,0.0,0.0,0.6,0.6,0.6,0.6,0.6,2.0
5.6,0.6,0.6,0.6,0.6,0.6,0.4,0.4,0.4,0.4,0.4,0.0,0.0,0.0,0.0,0.0,0.6,0.6,0.6,0.6,0.6,2.0
5.8,0.6,0.6,0.6,0.6,0.6,0.4,0.4,0.4,0.4,0.4,0.0,0.0,0.0,0.0,0.0,0.6,0.6,0.6,0.6,0.6,2.0
6.0,0.6,0.6,0.6,0.6,0.6,0.4,0.4,0.4,0.4,0.4,0.0,0.0,0.0,0.0,0.0,0.6,0.6,0.6,0.6,0.6,2.0
6.2,0.6,0.6,0.6,0.6,0.6,0.4,0.4,0.4,0.4,0.4,0.0,0.0,0.0,0.0,0.0,0.6,0.6,0.6,0.6,0.6,2.0
6.4,0.6,0.6,0.6,0.6,0.6,0.4,0.4,0.4,0.4,0.4,0.0,0.0,0.0,0.0,0.0,0.6,0.6,0.6,0.6,0.6,2.0
6.6,0.6,0.6,0.6,0.6,0.6,0.4,0.4,0.4,0.4,0.4,0.0,0.0,0.0,0.0,0.0,0.6,0.6,0.6,0.6,0.6,2.0
6.8,0.6,0.6,0.6,0.6,0.6,0.4,0.4,0.4,0.4,0.4,0.0,0.0,0.0,0.0,0.0,0.6,0.6,0.6,0.6,0.6,2.0
7.0,0.6,0.6,0.6,0.6,0.6,0.4,0.4,0.4,0.4,0.4,0.0,0.0,0.0,0.0,0.0,0.6,0.6,0.6,0.6,0.6,2.0
7.2,0.6,0.6,0.6,0.6,0.6,0.4,0.4,0.4,0.4,0.4,0.0,0.0,0.0,0.0,0.0,0.6,0.6,0.6,0.6,0.6,2.0
7.4,0.6,0.6,0.6,0.6,0.6,0.4,0.4,0.4,0.4,0.4,0.0,0.0,0.0,0.0,0.0,0.6,0.6,0.6,0.6,0.6,2.0
7.6,0.6,0.6,0.6,0.6,0.6,0.4,0.4,0.4,0.4,0.4,0.0,0.0,0.0,0.0,0.0,0.6,0.6,0.6,0.6,0.6,2.0
7.8,0.6,0.6,0.6,0.6,0.6,0.4,0.4,0.4,0.4,0.4,0.0,0.0,0.0,0.0,0.0,0.6,0.6,0.6,0.6,0.6,2.0
8.0,0.6,0.6,0.6,0.6,0.6,0.4,0.4,0.4,0.4,0.4,0.0,0.0,0.0,0.0,0.0,0.6,0.6,0.6,0.6,0.6,2.0
8.2,0.6,0.6,0.6,0.6,0.6,0.4,0.4,0.4,0.4,0.4,0.0,0.0,0.0,0.0,0.0,0.6,0.6,0.6,0.6,0.6,2.0
8.4,0.6,0.6,0.6,0.6,0.6,0.4,0.4,0.4,0.4,0.4,0.0,0.0,0.0,0.0,0.0,0.6,0.6,0.6,0.6,0.6,2.0
8.6,0.6,0.6,0.6,0.6,0.6,0.4,0.4,0.4,0.4,0.4,0.0,0.0,0.0,0.0,0.0,0.6,0.6,0.6,0.6,0.6,2.0
8.8,0.6,0.6,0.6,0.6,0.6,0.4,0.4,0.4,0.4,0.4,0.0,0.0,0.0,0.0,0.0,0.6,0.6,0.6,0.6,0.6,2.0
9.0,0.6,0.6,0.6,0.6,0.6,0.4,0.4,0.4,0.4,0.4,0.0,0.0,0.0,0.0,0.0,0.6,0.6,0.6,0.6,0.6,2.0
9.2,0.6,0.6,0.6,0.6,0.6,0.4,0.4,0.4,0.4,0.4,0.0,0.0,0.0,0.0,0.0,0.6,0.6,0.6,0.6,0.6,2.0
9.4,0.6,0.6,0.6,0.6,0.6,0.4,0.4,0.4,0.4,0.4,0.0,0.0,0.0,0.0,0.0,0.6,0.6,0.6,0.6,0.6,2.0
9.6,0.6,0.6,0.6,0.6,0.6,0.4,0.4,0.4,0.4,0.4,0.0,0.0,0.0,0.0,0.0,0.6,0.6,0.6,0.6,0.6,2.0
9.8,0.6,0.6,0.6,0.6,0.6,0.4,0.4,0.4,0.4,0.4,0.0,0.0,0.0,0.0,0.0,0.6,0.6,0.6,0.6,0.6,2.0
10.0,0.6,0.6,0.6,0.6,0.6,0.4,0.4,0.4,0.4,0.4,0.0,0.0,0.0,0.0,0.0,0.6,0.6,0.6,0.6,0.6,2.0
10.2,0.6,0.6,0.6,0.6,0.6,0.4,0.4,0.4,0.4,0.4,0.0,0.0,0.0,0.0,0.0,0.6,0.6,0.6,0.6,0.6,2.0
10.4,0.6,0.6,0.6,0.6,0.6,0.4,0.4,0.4,0.4,0.4,0.0,0.0,0.0,0.0,0.0,0.6,0.6,0.6,0.6,0.6,2.0
10.6,0.6,0.6,0.6,0.6,0.6,0.4,0.4,0.4,0.4,0.4,0.0,0.0,0.0,0.0,0.0,0.6,0.6,0.6,0.6,0.6,2.0
10.8,0.6,0.6,0.6,0.6,0.6,0.4,0.4,0.4,0.4,0.4,0.0,0.0,0.0,0.0,0.0,0.6,0.6,0.6,0.6,0.6,2.0
11.0,0.6,0.6,0.6,0.6,0.6,0.4,0.4,0.4,0.4,0.4,0.0,0.0,0.0,0.0,0.0,0.6,0.6,0.6,0.6,0.6,2.0
11.2,0.6,0.6,0.6,0.6,0.6,0.4,0.4,0.4,0.4,0.4,0.0,0.0,0.0,0.0,0.0,0.6,0.6,0.6,0.6,0.6,2.0
11.4,0.6,0.6,0.6,0.6,0.6,0.4,0.4,0.4,0.4,0.4,0.0,0.0,0.0,0.0,0.0,0.6,0.6,0.6,0.6,0.6,2.0
11.6,0.6,0.6,0.6,0.6,0.6,0.4,0.4,0.4,0.4,0.4,0.0,0.0,0.0,0.0,0.0,0.6,0.6,0.6,0.6,0.6,2.0
11.8,0.6,0.6,0.6,0.6,0.6,0.4,0.4,0.4,0.4,0.4,0.0,0.0,0.0,0.0,0.0,0.6,0.6,0.6,0.6,0.6,2.0
12.0,0.6,0.6,0.6,0.6,0.6,0.4,0.4,0.4,0.4,0.4,0.0,0.0,0.0,0.0,0.0,0.6,0.6,0.6,0.6,0.6,2.0
12.2,0.6,0.6,0.6,0.6,0.6,0.4,0.4,0.4,0.4,0.4,0.0,0.0,0.0,0.0,0.0,0.6,0.6,0.6,0.6,0.6,2.0
12.4,0.6,0.6,0.6,0.6,0.6,0.4,0.4,0.4,0.4,0.4,0.0,0.0,0.0,0.0,0.0,0.6,0.6,0.6,0.6,0.6,2.0
12.6,0.6,0.6,0.6,0.6,0.6,0.4,0.4,0.4,0.4,0.4,0.0,0.0,0.0,0.0,0.0,0.6,0.6,0.6,0.6,0.6,2.0
12.8,0.6,0.6,0.6,0.6,0.6,0.4,0.4,0.4,0.4,0.4,0.0,0.0,0.0,0.0,0.0,0.6,0.6,0.6,0.6,0.6,2.0
13.0,0.6,0.6,0.6,0.6,0.6,0.4,0.4,0.4,0.4,0.4,0.0,0.0,0.0,0.0,0.0,0.6,0.6,0.6,0.6,0.6,2.0
13.2,0.6,0.6,0.6,0.6,0.6,0.4,0.4,0.4,0.4,0.4,0.0,0.0,0.0,0.0,0.0,0.6,0.6,0.6,0.6,0.6,2.0
13.4,0.6,0.6,0.6,0.6,0.6,0.4,0.4,0.4,0.4,0.4,0.0,0.0,0.0,0.0,0.0,0.6,0.6,0.6,0.6,0.6,2.0
13.6,0.6,0.6,0.6,0.6,0.6,0.4,0.4,0.4,0.4,0.4,0.0,0.0,0.0,0.0,0.0,0.6,0.6,0.6,0.6,0.6,2.0
13.8,0.6,0.6,0.6,0.6,0.6,0.4,0.4,0.4,0.4,0.4,0.0,0.0,0.0,0.0,0.0,0.6,0.6,0.6,0.6,0.6,2.0
14.0,0.6,0.6,0.6,0.6,0.6,0.4,0.4,0.4,0.4,0.4,0.0,0.0,0.0,0.0,0.0,0.6,0.6,0.6,0.6,0.6,2.0
14.2,0.6,0.6,0.6,0.6,0.6,0.4,0.4,0.4,0.4,0.4,0.0,0.0,0.0,0.0,0.0,0.6,0.6,0.6,0.6,0.6,2.0
14.4,0.6,0.6,0.6,0.6,0.6,0.4,0.4,0.4,0.4,0.4,0.0,0.0,0.0,0.0,0.0,0.6,0.6,0.6,0.6,0.6,2.0
14.6,0.6,0.6,0.6,0.6,0.6,0.4,0.4,0.4,0.4,0.4,0.0,0.0,0.0,0.0,0.0,0.6,0.6,0.6,0.6,0.6,2.0
14.8,0.6,0.6,0.6,0.6,0.6,0.4,0.4,0.4,0.4,0.4,0.0,0.0,0.0,0.0,0.0,0.6,0.6,0.6,0.6,0.6,2.0
15.0,0.6,0.6,0.6,0.6,0.6,0.4,0.4,0.4,0.4,0.4,0.0,0.0,0.0,0.0,0.0,0.6,0.6,0.6,0.6,0.6,2.0
15.2,0.6,0.6,0.6,0.6,0.6,0.4,0.4,0.4,0.4,0.4,0.0,0.0,0.0,0.0,0.0,0.6,0.6,0.6,0.6,0.6,2.0
15.4,0.6,0.6,0.6,0.6,0.6,0.4,0.4,0.4,0.4,0.4,0.0,0.0,0.0,0.0,0.0,0.6,0.6,0.6,0.6,0.6,2.0
15.6,0.6,0.6,0.6,0.6,0.6,0.4,0.4,0.4,0.4,0.4,0.0,0.0,0.0,0.0,0.0,0.6,0.6,0.6,0.6,0.6,2.0
15.8,0.6,0.6,0.6,0.6,0.6,0.4,0.4,0.4,0.4,0.4,0.0,0.0,0.0,0.0,0.0,0.6,0.6,0.6,0.6,0.6,2.0
16.0,0.6,0.6,0.6,0.6,0.6,0.4,0.4,0.4,0.4,0.4,0.0,0.0,0.0,0.0,0.0,0.6,0.6,0.6,0.6,0.6,2.0
16.2,0.6,0.6,0.6,0.6,0.6,0.4,0.4,0.4,0.4,0.4,0.0,0.0,0.0,0.0,0.0,0.6,0.6,0.6,0.6,0.6,2.0
16.4,0.6,0.6,0.6,0.6,0.6,0.4,0.4,0.4,0.4,0.4,0.0,0.0,0.0,0.0,0.0,0.6,0.6,0.6,0.6,0.6,2.0
16.6,0.6,0.6,0.6,0.6,0.6,0.4,0.4,0.4,0.4,0.4,0.0,0.0,0.0,0.0,0.0,0.6,0.6,0.6,0.6,0.6,2.0
16.8,0.6,0.6,0.6,0.6,0.6,0.4,0.4,0.4,0.4,0.4,0.0,0.0,0.0,0.0,0.0,0.6,0.6,0.6,0.6,0.6,2.0
17.0,0.6,0.6,0.6,0.6,0.6,0.4,0.4,0.4,0.4,0.4,0.0,0.0,0.0,0.0,0.0,0.6,0.6,0.6,0.6,0.6,2.0
17.2,0.6,0.6,0.6,0.6,0.6,0.4,0.4,0.4,0.4,0.4,0.0,0.0,0.0,0.0,0.0,0.6,0.6,0.6,0.6,0.6,2.0
17.4,0.6,0.6,0.6,0.6,0.6,0.4,0.4,0.4,0.4,0.4,0.0,0.0,0.0,0.0,0.0,0.6,0.6,0.6,0.6,0.6,2.0
17.6,0.6,0.6,0.6,0.6,0.6,0.4,0.4,0.4,0.4,0.4,0.0,0.0,0.0,0.0,0.0,0.6,0.6,0.6,0.6,0.6,2.0
17.8,0.6,0.6,0.6,0.6,0.6,0.4,0.4,0.4,0.4,0.4,0.0,0.0,0.0,0.0,0.0,0.6,0.6,0.6,0.6,0.6,2.0
18.0,0.6,0.6,0.6,0.6,0.6,0.4,0.4,0.4,0.4,0.4,0.0,0.0,0.0,0.0,0.0,0.6,0.6,0.6,0.6,0.6,2.0
18.2,0.6,0.6,0.6,0.6,0.6,0.4,0.4,0.4,0.4,0.4,0.0,0.0,0.0,0.0,0.0,0.6,0.6,0.6,0.6,0.6,2.0
18.4,0.6,0.6,0.6,0.6,0.6,0.4,0.4,0.4,0.4,0.4,0.0,0.0,0.0,0.0,0.0,0.6,0.6,0.6,0.6,0.6,2.0
18.6,0.6,0.6,0.6,0.6,0.6,0.4,0.4,0.4,0.4,0.4,0.0,0.0,0.0,0.0,0.0,0.6,0.6,0.6,0.6,0.6,2.0
18.8,0.6,0.6,0.6,0.6,0.6,0.4,0.4,0.4,0.4,0.4,0.0,0.0,0.0,0.0,0.0,0.6,0.6,0.6,0.6,0.6,2.0
19.0,0.6,0.6,0.6,0.6,0.6,0.4,0.4,0.4,0.4,0.4,0.0,0.0,0.0,0.0,0.0,0.6,0.6,0.6,0.6,0.6,2.0
19.2,0.6,0.6,0.6,0.6,0.6,0.4,0.4,0.4,0.4,0.4,0.0,0.0,0.0,0.0,0.0,0.6,0.6,0.6,0.6,0.6,2.0
19.4,0.6,0.6,0.6,0.6,0.6,0.4,0.4,0.4,0.4,0.4,0.0,0.0,0.0,0.0,0.0,0.6,0.6,0.6,0.6,0.6,2.0
19.6,0.6,0.6,0.6,0.6,0.6,0.4,0.4,0.4,0.4,0.4,0.0,0.0,0.0,0.0,0.0,0.6,0.6,0.6,0.6,0.6,2.0
19.8,0.6,0.6,0.6,0.6,0.6,0.4,0.4,0.4,0.4,0.4,0.0,0.0,0.0,0.0,0.0,0.6,0.6,0.6,0.6,0.6,2.0
20.0,0.6,0.6,0.6,0.6,0.6,0.4,0.4,0.4,0.4,0.4,0.0,0.0,0.0,0.0,0.0,0.6,0.6,0.6,0.6,0.6,2.0
20.2,0.6,0.6,0.6,0.6,0.6,0.4,0.4,0.4,0.4,0.4,0.0,0.0,0.0,0.0,0.0,0.6,0.6,0.6,0.6,0.6,2.0
20.4,0.6,0.6,0.6,0.6,0.6,0.4,0.4,0.4,0.4,0.4,0.0,0.0,0.0,0.0,0.0,0.6,0.6,0.6,0.6,0.6,2.0
20.6,0.6,0.6,0.6,0.6,0.6,0.4,0.4,0.4,0.4,0.4,0.0,0.0,0.0,0.0,0.0,0.6,0.6,0.6,0.6,0.6,2.0
20.8,0.6,0.6,0.6,0.6,0.6,0.4,0.4,0.4,0.4,0.4,0.0,0.0,0.0,0.0,0.0,0.6,0.6,0.6,0.6,0.6,2.0
21.0,0.6,0.6,0.6,0.6,0.6,0.4,0.4,0.4,0.4,0.4,0.0,0.0,0.0,0.0,0.0,0.6,0.6,0.6,0.6,0.6,2.0
21.2,0.6,0.6,0.6,0.6,0.6,0.4,0.4,0.4,0.4,0.4,0.0,0.0,0.0,0.0,0.0,0.6,0.6,0.6,0.6,0.6,2.0
21.4,0.6,0.6,0.6,0.6,0.6,0.4,0.4,0.4,0.4,0.4,0.0,0.0,0.0,0.0,0.0,0.6,0.6,0.6,0.6,0.6,2.0
21.6,0.6,0.6,0.6,0.6,0.6,0.4,0.4,0.4,0.4,0.4,0.0,0.0,0.0,0.0,0.0,0.6,0.6,0.6,0.6,0.6,2.0
21.8,0.6,0.6,0.6,0.6,0.6,0.4,0.4,0.4,0.4,0.4,0.0,0.0,0.0,0.0,0.0,0.6,0.6,0.6,0.6,0.6,2.0
22.0,0.6,0.6,0.6,0.6,0.6,0.4,0.4,0.4,0.4,0.4,0.0,0.0,0.0,0.0,0.0,0.6,0.6,0.6,0.6,0.6,2.0
22.2,0.6,0.6,0.6,0.6,0.6,0.4,0.4,0.4,0.4,0.4,0.0,0.0,0.0,0.0,0.0,0.6,0.6,0.6,0.6,0.6,2.0
22.4,0.6,0.6,0.6,0.6,0.6,0.4,0.4,0.4,0.4,0.4,0.0,0.0,0.0,0.0,0.0,0.6,0.6,0.6,0.6,0.6,2.0
22.6,0.6,0.6,0.6,0.6,0.6,0.4,0.4,0.4,0.4,0.4,0.0,0.0,0.0,0.0,0.0,0.6,0.6,0.6,0.6,0.6,2.0
22.8,0.6,0.6,0.6,0.6,0.6,0.4,0.4,0.4,0.4,0.4,0.0,0.0,0.0,0.0,0.0,0.6,0.6,0.6,0.6,0.6,2.0
23.0,0.6,0.6,0.6,0.6,0.6,0.4,0.4,0.4,0.4,0.4,0.0,0.0,0.0,0.0,0.0,0.6,0.6,0.6,0.6,0.6,2.0
23.2,0.6,0.6,0.6,0.6,0.6,0.4,0.4,0.4,0.4,0.4,0.0,0.0,0.0,0.0,0.0,0.6,0.6,0.6,0.6,0.6,2.0
23.4,0.6,0.6,0.6,0.6,0.6,0.4,0.4,0.4,0.4,0.4,0.0,0.0,0.0,0.0,0.0,0.6,0.6,0.6,0.6,0.6,2.0
23.6,0.6,0.6,0.6,0.6,0.6,0.4,0.4,0.4,0.4,0.4,0.0,0.0,0.0,0.0,0.0,0.6,0.6,0.6,0.6,0.6,2.0
23.8,0.6,0.6,0.6,0.6,0.6,0.4,0.4,0.4,0.4,0.4,0.0,0.0,0.0,0.0,0.0,0.6,0.6,0.6,0.6,0.6,2.0
24.0,0.6,0.6,0.6,0.6,0.6,0.4,0.4,0.4,0.4,0.4,0.0,0.0,0.0,0.0,0.0,0.6,0.6,0.6,0.6,0.6,2.0
24.2,0.6,0.6,0.6,0.6,0.6,0.4,0.4,0.4,0.4,0.4,0.0,0.0,0.0,0.0,0.0,0.6,0.6,0.6,0.6,0.6,2.0
24.4,0.6,0.6,0.6,0.6,0.6,0.4,0.4,0.4,0.4,0.4,0.0,0.0,0.0,0.0,0.0,0.6,0.6,0.6,0.6,0.6,2.0
24.6,0.6,0.6,0.6,0.6,0.6,0.4,0.4,0.4,0.4,0.4,0.0,0.0,0.0,0.0,0.0,0.6,0.6,0.6,0.6,0.6,2.0
24.8,0.6,0.6,0.6,0.6,0.6,0.4,0.4,0.4,0.4,0.4,0.0,0.0,0.0,0.0,0.0,0.6,0.6,0.6,0.6,0.6,2.0
25.0,0.6,0.6,0.6,0.6,0.6,0.4,0.4,0.4,0.4,0.4,0.0,0.0,0.0,0.0,0.0,0.6,0.6,0.6,0.6,0.6,2.0
25.2,0.6,0.6,0.6,0.6,0.6,0.4,0.4,0.4,0.4,0.4,0.0,0.0,0.0,0.0,0.0,0.6,0.6,0.6,0.6,0.6,2.0
25.4,0.6,0.6,0.6,0.6,0.6,0.4,0.4,0.4,0.4,0.4,0.0,0.0,0.0,0.0,0.0,0.6,0.6,0.6,0.6,0.6,2.0
25.6,0.6,0.6,0.6,0.6,0.6,0.4,0.4,0.4,0.4,0.4,0.0,0.0,0.0,0.0,0.0,0.6,0.6,0.6,0.6,0.6,2.0
25.8,0.6,0.6,0.6,0.6,0.6,0.4,0.4,0.4,0.4,0.4,0.0,0.0,0.0,0.0,0.0,0.6,0.6,0.6,0.6,0.6,2.0
26.0,0.6,0.6,0.6,0.6,0.6,0.4,0.4,0.4,0.4,0.4,0.0,0.0,0.0,0.0,0.0,0.6,0.6,0.6,0.6,0.6,2.0
26.2,0.6,0.6,0.6,0.6,0.6,0.4,0.4,0.4,0.4,0.4,0.0,0.0,0.0,0.0,0.0,0.6,0.6,0.6,0.6,0.6,2.0
26.4,0.6,0.6,0.6,0.6,0.6,0.4,0.4,0.4,0.4,0.4,0.0,0.0,0.0,0.0,0.0,0.6,0.6,0.6,0.6,0.6,2.0
26.6,0.6,0.6,0.6,0.6,0.6,0.4,0.4,0.4,0.4,0.4,0.0,0.0,0.0,0.0,0.0,0.6,0.6,0.6,0.6,0.6,2.0
26.8,0.6,0.6,0.6,0.6,0.6,0.4,0.4,0.4,0.4,0.4,0.0,0.0,0.0,0.0,0.0,0.6,0.6,0.6,0.6,0.6,2.0
27.0,0.6,0.6,0.6,0.6,0.6,0.4,0.4,0.4,0.4,0.4,0.0,0.0,0.0,0.0,0.0,0.6,0.6,0.6,0.6,0.6,2.0
27.2,0.6,0.6,0.6,0.6,0.6,0.4,0.4,0.4,0.4,0.4,0.0,0.0,0.0,0.0,0.0,0.6,0.6,0.6,0.6,0.6,2.0
27.4,0.6,0.6,0.6,0.6,0.6,0.4,0.4,0.4,0.4,0.4,0.0,0.0,0.0,0.0,0.0,0.6,0.6,0.6,0.6,0.6,2.0
27.6,0.6,0.6,0.6,0.6,0.6,0.4,0.4,0.4,0.4,0.4,0.0,0.0,0.0,0.0,0.0,0.6,0.6,0.6,0.6,0.6,2.0
27.8,0.6,0.6,0.6,0.6,0.6,0.4,0.4,0.4,0.4,0.4,0.0,0.0,0.0,0.0,0.0,0.6,0.6,0.6,0.6,0.6,2.0
28.0,0.6,0.6,0.6,0.6,0.6,0.4,0.4,0.4,0.4,0.4,0.0,0.0,0.0,0.0,0.0,0.6,0.6,0.6,0.6,0.6,2.0
28.2,0.6,0.6,0.6,0.6,0.6,0.4,0.4,0.4,0.4,0.4,0.0,0.0,0.0,0.0,0.0,0.6,0.6,0.6,0.6,0.6,2.0
28.4,0.6,0.6,0.6,0.6,0.6,0.4,0.4,0.4,0.4,0.4,0.0,0.0,0.0,0.0,0.0,0.6,0.6,0.6,0.6,0.6,2.0
28.6,0.6,0.6,0.6,0.6,0.6,0.4,0.4,0.4,0.4,0.4,0.0,0.0,0.0,0.0,0.0,0.6,0.6,0.6,0.6,0.6,2.0
28.8,0.6,0.6,0.6,0.6,0.6,0.4,0.4,0.4,0.4,0.4,0.0,0.0,0.0,0.0,0.0,0.6,0.6,0.6,0.6,0.6,2.0
29.0,0.6,0.6,0.6,0.6,0.6,0.4,0.4,0.4,0.4,0.4,0.0,0.0,0.0,0.0,0.0,0.6,0.6,0.6,0.6,0.6,2.0
29.2,0.6,0.6,0.6,0.6,0.6,0.4,0.4,0.4,0.4,0.4,0.0,0.0,0.0,0.0,0.0,0.6,0.6,0.6,0.6,0.6,2.0
29.4,0.6,0.6,0.6,0.6,0.6,0.4,0.4,0.4,0.4,0.4,0.0,0.0,0.0,0.0,0.0,0.6,0.6,0.6,0.6,0.6,2.0
29.6,0.6,0.6,0.6,0.6,0.6,0.4,0.4,0.4,0.4,0.4,0.0,0.0,0.0,0.0,0.0,0.6,0.6,0.6,0.6,0.6,2.0
29.8,0.6,0.6,0.6,0.6,0.6,0.4,0.4,0.4,0.4,0.4,0.0,0.0,0.0,0.0,0.0,0.6,0.6,0.6,0.6,0.6,2.0
30.0,0.6,0.6,0.6,0.6,0.6,0.4,0.4,0.4,0.4,0.4,0.0,0.0,0.0,0.0,0.0,0.6,0.6,0.6,0.6,0.6,2.0
30.2,0.6,0.6,0.6,0.6,0.6,0.4,0.4,0.4,0.4,0.4,0.0,0.0,0.0,0.0,0.0,0.6,0.6,0.6,0.6,0.6,2.0
30.4,0.6,0.6,0.6,0.6,0.6,0.4,0.4,0.4,0.4,0.4,0.0,0.0,0.0,0.0,0.0,0.6,0.6,0.6,0.6,0.6,2.0
30.6,0.6,0.6,0.6,0.6,0.6,0.4,0.4,0.4,0.4,0.4,0.0,0.0,0.0,0.0,0.0,0.6,0.6,0.6,0.6,0.6,2.0
30.8,0.6,0.6,0.6,0.6,0.6,0.4,0.4,0.4,0.4,0.4,0.0,0.0,0.0,0.0,0.0,0.6,0.6,0.6,0.6,0.6,2.0
31.0,0.6,0.6,0.6,0.6,0.6,0.4,0.4,0.4,0.4,0.4,0.0,0.0,0.0,0.0,0.0,0.6,0.6,0.6,0.6,0.6,2.0
31.2,0.6,0.6,0.6,0.6,0.6,0.4,0.4,0.4,0.4,0.4,0.0,0.0,0.0,0.0,0.0,0.6,0.6,0.6,0.6,0.6,2.0
31.4,0.6,0.6,0.6,0.6,0.6,0.4,0.4,0.4,0.4,0.4,0.0,0.0,0.0,0.0,0.0,0.6,0.6,0.6,0.6,0.6,2.0
31.6,0.6,0.6,0.6,0.6,0.6,0.4,0.4,0.4,0.4,0.4,0.0,0.0,0.0,0.0,0.0,0.6,0.6,0.6,0.6,0.6,2.0
31.8,0.6,0.6,0.6,0.6,0.6,0.4,0.4,0.4,0.4,0.4,0.0,0.0,0.0,0.0,0.0,0.6,0.6,0.6,0.6,0.6,2.0
32.0,0.6,0.6,0.6,0.6,0.6,0.4,0.4,0.4,0.4,0.4,0.0,0.0,0.0,0.0,0.0,0.6,0.6,0.6,0.6,0.6,2.0
32.2,0.6,0.6,0.6,0.6,0.6,0.4,0.4,0.4,0.4,0.4,0.0,0.0,0.0,0.0,0.0,0.6,0.6,0.6,0.6,0.6,2.0
32.4,0.6,0.6,0.6,0.6,0.6,0.4,0.4,0.4,0.4,0.4,0.0,0.0,0.0,0.0,0.0,0.6,0.6,0.6,0.6,0.6,2.0
32.6,0.6,0.6,0.6,0.6,0.6,0.4,0.4,0.4,0.4,0.4,0.0,0.0,0.0,0.0,0.0,0.6,0.6,0.6,0.6,0.6,2.0
32.8,0.6,0.6,0.6,0.6,0.6,0.4,0.4,0.4,0.4,0.4,0.0,0.0,0.0,0.0,0.0,0.6,0.6,0.6,0.6,0.6,2.0
33.0,0.6,0.6,0.6,0.6,0.6,0.4,0.4,0.4,0.4,0.4,0.0,0.0,0.0,0.0,0.0,0.6,0.6,0.6,0.6,0.6,2.0
33.2,0.6,0.6,0.6,0.6,0.6,0.4,0.4,0.4,0.4,0.4,0.0,0.0,0.0,0.0,0.0,0.6,0.6,0.6,0.6,0.6,2.0
33.4,0.6,0.6,0.6,0.6,0.6,0.4,0.4,0.4,0.4,0.4,0.0,0.0,0.0,0.0,0.0,0.6,0.6,0.6,0.6,0.6,2.0
33.6,0.6,0.6,0.6,0.6,0.6,0.4,0.4,0.4,0.4,0.4,0.0,0.0,0.0,0.0,0.0,0.6,0.6,0.6,0.6,0.6,2.0
33.8,0.6,0.6,0.6,0.6,0.6,0.4,0.4,0.4,0.4,0.4,0.0,0.0,0.0,0.0,0.0,0.6,0.6,0.6,0.6,0.6,2.0
34.0,0.6,0.6,0.6,0.6,0.6,0.4,0.4,0.4,0.4,0.4,0.0,0.0,0.0,0.0,0.0,0.6,0.6,0.6,0.6,0.6,2.0
34.2,0.6,0.6,0.6,0.6,0.6,0.4,0.4,0.4,0.4,0.4,0.0,0.0,0.0,0.0,0.0,0.6,0.6,0.6,0.6,0.6,2.0
34.4,0.6,0.6,0.6,0.6,0.6,0.4,0.4,0.4,0.4,0.4,0.0,0.0,0.0,0.0,0.0,0.6,0.6,0.6,0.6,0.6,2.0
34.6,0.6,0.6,0.6,0.6,0.6,0.4,0.4,0.4,0.4,0.4,0.0,0.0,0.0,0.0,0.0,0.6,0.6,0.6,0.6,0.6,2.0
34.8,0.6,0.6,0.6,0.6,0.6,0.4,0.4,0.4,0.4,0.4,0.0,0.0,0.0,0.0,0.0,0.6,0.6,0.6,0.6,0.6,2.0
35.0,0.6,0.6,0.6,0.6,0.6,0.4,0.4,0.4,0.4,0.4,0.0,0.0,0.0,0.0,0.0,0.6,0.6,0.6,0.6,0.6,2.0
35.2,0.6,0.6,0.6,0.6,0.6,0.4,0.4,0.4,0.4,0.4,0.0,0.0,0.0,0.0,0.0,0.6,0.6,0.6,0.6,0.6,2.0
35.4,0.6,0.6,0.6,0.6,0.6,0.4,0.4,0.4,0.4,0.4,0.0,0.0,0.0,0.0,0.0,0.6,0.6,0.6,0.6,0.6,2.0
35.6,0.6,0.6,0.6,0.6,0.6,0.4,0.4,0.4,0.4,0.4,0.0,0.0,0.0,0.0,0.0,0.6,0.6,0.6,0.6,0.6,2.0
35.8,0.6,0.6,0.6,0.6,0.6,0.4,0.4,0.4,0.4,0.4,0.0,0.0,0.0,0.0,0.0,0.6,0.6,0.6,0.6,0.6,2.0
36.0,0.6,0.6,0.6,0.6,0.6,0.4,0.4,0.4,0.4,0.4,0.0,0.0,0.0,0.0,0.0,0.6,0.6,0.6,0.6,0.6,2.0
36.2,0.6,0.6,0.6,0.6,0.6,0.4,0.4,0.4,0.4,0.4,0.0,0.0,0.0,0.0,0.0,0.6,0.6,0.6,0.6,0.6,2.0
36.4,0.6,0.6,0.6,0.6,0.6,0.4,0.4,0.4,0.4,0.4,0.0,0.0,0.0,0.0,0.0,0.6,0.6,0.6,0.6,0.6,2.0
36.6,0.6,0.6,0.6,0.6,0.6,0.4,0.4,0.4,0.4,0.4,0.0,0.0,0.0,0.0,0.0,0.6,0.6,0.6,0.6,0.6,2.0
36.8,0.6,0.6,0.6,0.6,0.6,0.4,0.4,0.4,0.4,0.4,0.0,0.0,0.0,0.0,0.0,0.6,0.6,0.6,0.6,0.6,2.0
37.0,0.6,0.6,0.6,0.6,0.6,0.4,0.4,0.4,0.4,0.4,0.0,0.0,0.0,0.0,0.0,0.6,0.6,0.6,0.6,0.6,2.0
37.2,0.6,0.6,0.6,0.6,0.6,0.4,0.4,0.4,0.4,0.4,0.0,0.0,0.0,0.0,0.0,0.6,0.6,0.6,0.6,0.6,2.0
37.4,0.6,0.6,0.6,0.6,0.6,0.4,0.4,0.4,0.4,0.4,0.0,0.0,0.0,0.0,0.0,0.6,0.6,0.6,0.6,0.6,2.0
37.6,0.6,0.6,0.6,0.6,0.6,0.4,0.4,0.4,0.4,0.4,0.0,0.0,0.0,0.0,0.0,0.6,0.6,0.6,0.6,0.6,2.0
37.8,0.6,0.6,0.6,0.6,0.6,0.4,0.4,0.4,0.4,0.4,0.0,0.0,0.0,0.0,0.0,0.6,0.6,0.6,0.6,0.6,2.0
38.0,0.6,0.6,0.6,0.6,0.6,0.4,0.4,0.4,0.4,0.4,0.0,0.0,0.0,0.0,0.0,0.6,0.6,0.6,0.6,0.6,2.0
38.2,0.6,0.6,0.6,0.6,0.6,0.4,0.4,0.4,0.4,0.4,0.0,0.0,0.0,0.0,0.0,0.6,0.6,0.6,0.6,0.6,2.0
38.4,0.6,0.6,0.6,0.6,0.6,0.4,0.4,0.4,0.4,0.4,0.0,0.0,0.0,0.0,0.0,0.6,0.6,0.6,0.6,0.6,2.0
38.6,0.6,0.6,0.6,0.6,0.6,0.4,0.4,0.4,0.4,0.4,0.0,0.0,0.0,0.0,0.0,0.6,0.6,0.6,0.6,0.6,2.0
38.8,0.6,0.6,0.6,0.6,0.6,0.4,0.4,0.4,0.4,0.4,0.0,0.0,0.0,0.0,0.0,0.6,0.6,0.6,0.6,0.6,2.0
39.0,0.6,0.6,0.6,0.6,0.6,0.4,0.4,0.4,0.4,0.4,0.0,0.0,0.0,0.0,0.0,0.6,0.6,0.6,0.6,0.6,2.0
39.2,0.6,0.6,0.6,0.6,0.6,0.4,0.4,0.4,0.4,0.4,0.0,0.0,0.0,0.0,0.0,0.6,0.6,0.6,0.6,0.6,2.0
39.4,0.6,0.6,0.6,0.6,0.6,0.4,0.4,0.4,0.4,0.4,0.0,0.0,0.0,0.0,0.0,0.6,0.6,0.6,0.6,0.6,2.0
39.6,0.6,0.6,0.6,0.6,0.6,0.4,0.4,0.4,0.4,0.4,0.0,0.0,0.0,0.0,0.0,0.6,0.6,0.6,0.6,0.6,2.0
39.8,0.6,0.6,0.6,0.6,0.6,0.4,0.4,0.4,0.4,0.4,0.0,0.0,0.0,0.0,0.0,0.6,0.6,0.6,0.6,0.6,2.0
40.0,0.6,0.6,0.6,0.6,0.6,0.4,0.4,0.4,0.4,0.4,0.0,0.0,0.0,0.0,0.0,0.6,0.6,0.6,0.6,0.6,2.0
40.2,0.6,0.6,0.6,0.6,0.6,0.4,0.4,0.4,0.4,0.4,0.0,0.0,0.0,0.0,0.0,0.6,0.6,0.6,0.6,0.6,2.0
40.4,0.6,0.6,0.6,0.6,0.6,0.4,0.4,0.4,0.4,0.4,0.0,0.0,0.0,0.0,0.0,0.6,0.6,0.6,0.6,0.6,2.0
40.6,0.6,0.6,0.6,0.6,0.6,0.4,0.4,0.4,0.4,0.4,0.0,0.0,0.0,0.0,0.0,0.6,0.6,0.6,0.6,0.6,2.0
40.8,0.6,0.6,0.6,0.6,0.6,0.4,0.4,0.4,0.4,0.4,0.0,0.0,0.0,0.0,0.0,0.6,0.6,0.6,0.6,0.6,2.0
41.0,0.6,0.6,0.6,0.6,0.6,0.4,0.4,0.4,0.4,0.4,0.0,0.0,0.0,0.0,0.0,0.6,0.6,0.6,0.6,0.6,2.0
41.2,0.6,0.6,0.6,0.6,0.6,0.4,0.4,0.4,0.4,0.4,0.0,0.0,0.0,0.0,0.0,0.6,0.6,0.6,0.6,0.6,2.0
41.4,0.6,0.6,0.6,0.6,0.6,0.4,0.4,0.4,0.4,0.4,0.0,0.0,0.0,0.0,0.0,0.6,0.6,0.6,0.6,0.6,2.0
41.6,0.6,0.6,0.6,0.6,0.6,0.4,0.4,0.4,0.4,0.4,0.0,0.0,0.0,0.0,0.0,0.6,0.6,0.6,0.6,0.6,2.0
41.8,0.6,0.6,0.6,0.6,0.6,0.4,0.4,0.4,0.4,0.4,0.0,0.0,0.0,0.0,0.0,0.6,0.6,0.6,0.6,0.6,2.0
42.0,0.6,0.6,0.6,0.6,0.6,0.4,0.4,0.4,0.4,0.4,0.0,0.0,0.0,0.0,0.0,0.6,0.6,0.6,0.6,0.6,2.0
42.2,0.6,0.6,0.6,0.6,0.6,0.4,0.4,0.4,0.4,0.4,0.0,0.0,0.0,0.0,0.0,0.6,0.6,0.6,0.6,0.6,2.0
42.4,0.6,0.6,0.6,0.6,0.6,0.4,0.4,0.4,0.4,0.4,0.0,0.0,0.0,0.0,0.0,0.6,0.6,0.6,0.6,0.6,2.0
42.6,0.6,0.6,0.6,0.6,0.6,0.4,0.4,0.4,0.4,0.4,0.0,0.0,0.0,0.0,0.0,0.6,0.6,0.6,0.6,0.6,2.0
42.8,0.6,0.6,0.6,0.6,0.6,0.4,0.4,0.4,0.4,0.4,0.0,0.0,0.0,0.0,0.0,0.6,0.6,0.6,0.6,0.6,2.0
43.0,0.6,0.6,0.6,0.6,0.6,0.4,0.4,0.4,0.4,0.4,0.0,0.0,0.0,0.0,0.0,0.6,0.6,0.6,0.6,0.6,2.0
43.2,0.6,0.6,0.6,0.6,0.6,0.4,0.4,0.4,0.4,0.4,0.0,0.0,0.0,0.0,0.0,0.6,0.6,0.6,0.6,0.6,2.0
43.4,0.6,0.6,0.6,0.6,0.6,0.4,0.4,0.4,0.4,0.4,0.0,0.0,0.0,0.0,0.0,0.6,0.6,0.6,0.6,0.6,2.0
43.6,0.6,0.6,0.6,0.6,0.6,0.4,0.4,0.4,0.4,0.4,0.0,0.0,0.0,0.0,0.0,0.6,0.6,0.6,0.6,0.6,2.0
43.8,0.6,0.6,0.6,0.6,0.6,0.4,0.4,0.4,0.4,0.4,0.0,0.0,0.0,0.0,0.0,0.6,0.6,0.6,0.6,0.6,2.0
44.0,0.6,0.6,0.6,0.6,0.6,0.4,0.4,0.4,0.4,0.4,0.0,0.0,0.0,0.0,0.0,0.6,0.6,0.6,0.6,0.6,2.0
44.2,0.6,0.6,0.6,0.6,0.6,0.4,0.4,0.4,0.4,0.4,0.0,0.0,0.0,0.0,0.0,0.6,0.6,0.6,0.6,0.6,2.0
44.4,0.6,0.6,0.6,0.6,0.6,0.4,0.4,0.4,0.4,0.4,0.0,0.0,0.0,0.0,0.0,0.6,0.6,0.6,0.6,0.6,2.0
44.6,0.6,0.6,0.6,0.6,0.6,0.4,0.4,0.4,0.4,0.4,0.0,0.0,0.0,0.0,0.0,0.6,0.6,0.6,0.6,0.6,2.0
44.8,0.6,0.6,0.6,0.6,0.6,0.4,0.4,0.4,0.4,0.4,0.0,0.0,0.0,0.0,0.0,0.6,0.6,0.6,0.6,0.6,2.0
45.0,0.6,0.6,0.6,0.6,0.6,0.4,0.4,0.4,0.4,0.4,0.0,0.0,0.0,0.0,0.0,0.6,0.6,0.6,0.6,0.6,2.0
45.2,0.6,0.6,0.6,0.6,0.6,0.4,0.4,0.4,0.4,0.4,0.0,0.0,0.0,0.0,0.0,0.6,0.6,0.6,0.6,0.6,2.0
45.4,0.6,0.6,0.6,0.6,0.6,0.4,0.4,0.4,0.4,0.4,0.0,0.0,0.0,0.0,0.0,0.6,0.6,0.6,0.6,0.6,2.0
45.6,0.6,0.6,0.6,0.6,0.6,0.4,0.4,0.4,0.4,0.4,0.0,0.0,0.0,0.0,0.0,0.6,0.6,0.6,0.6,0.6,2.0
45.8,0.6,0.6,0.6,0.6,0.6,0.4,0.4,0.4,0.4,0.4,0.0,0.0,0.0,0.0,0.0,0.6,0.6,0.6,0.6,0.6,2.0
46.0,0.6,0.6,0.6,0.6,0.6,0.4,0.4,0.4,0.4,0.4,0.0,0.0,0.0,0.0,0.0,0.6,0.6,0.6,0.6,0.6,2.0
46.2,0.6,0.6,0.6,0.6,0.6,0.4,0.4,0.4,0.4,0.4,0.0,0.0,0.0,0.0,0.0,0.6,0.6,0.6,0.6,0.6,2.0
46.4,0.6,0.6,0.6,0.6,0.6,0.4,0.4,0.4,0.4,0.4,0.0,0.0,0.0,0.0,0.0,0.6,0.6,0.6,0.6,0.6,2.0
46.6,0.6,0.6,0.6,0.6,0.6,0.4,0.4,0.4,0.4,0.4,0.0,0.0,0.0,0.0,0.0,0.6,0.6,0.6,0.6,0.6,2.0
46.8,0.6,0.6,0.6,0.6,0.6,0.4,0.4,0.4,0.4,0.4,0.0,0.0,0.0,0.0,0.0,0.6,0.6,0.6,0.6,0.6,2.0
47.0,0.6,0.6,0.6,0.6,0.6,0.4,0.4,0.4,0.4,0.4,0.0,0.0,0.0,0.0,0.0,0.6,0.6,0.6,0.6,0.6,2.0
47.2,0.6,0.6,0.6,0.6,0.6,0.4,0.4,0.4,0.4,0.4,0.0,0.0,0.0,0.0,0.0,0.6,0.6,0.6,0.6,0.6,2.0
47.4,0.6,0.6,0.6,0.6,0.6,0.4,0.4,0.4,0.4,0.4,0.0,0.0,0.0,0.0,0.0,0.6,0.6,0.6,0.6,0.6,2.0
47.6,0.6,0.6,0.6,0.6,0.6,0.4,0.4,0.4,0.4,0.4,0.0,0.0,0.0,0.0,0.0,0.6,0.6,0.6,0.6,0.6,2.0
47.8,0.6,0.6,0.6,0.6,0.6,0.4,0.4,0.4,0.4,0.4,0.0,0.0,0.0,0.0,0.0,0.6,0.6,0.6,0.6,0.6,2.0
48.0,0.6,0.6,0.6,0.6,0.6,0.4,0.4,0.4,0.4,0.4,0.0,0.0,0.0,0.0,0.0,0.6,0.6,0.6,0.6,0.6,2.0
48.2,0.6,0.6,0.6,0.6,0.6,0.4,0.4,0.4,0.4,0.4,0.0,0.0,0.0,0.0,0.0,0.6,0.6,0.6,0.6,0.6,2.0
48.4,0.6,0.6,0.6,0.6,0.6,0.4,0.4,0.4,0.4,0.4,0.0,0.0,0.0,0.0,0.0,0.6,0.6,0.6,0.6,0.6,2.0
48.6,0.6,0.6,0.6,0.6,0.6,0.4,0.4,0.4,0.4,0.4,0.0,0.0,0.0,0.0,0.0,0.6,0.6,0.6,0.6,0.6,2.0
48.8,0.6,0.6,0.6,0.6,0.6,0.4,0.4,0.4,0.4,0.4,0.0,0.0,0.0,0.0,0.0,0.6,0.6,0.6,0.6,0.6,2.0
49.0,0.6,0.6,0.6,0.6,0.6,0.4,0.4,0.4,0.4,0.4,0.0,0.0,0.0,0.0,0.0,0.6,0.6,0.6,0.6,0.6,2.0
49.2,0.6,0.6,0.6,0.6,0.6,0.4,0.4,0.4,0.4,0.4,0.0,0.0,0.0,0.0,0.0,0.6,0.6,0.6,0.6,0.6,2.0
49.4,0.6,0.6,0.6,0.6,0.6,0.4,0.4,0.4,0.4,0.4,0.0,0.0,0.0,0.0,0.0,0.6,0.6,0.6,0.6,0.6,2.0
49.6,0.6,0.6,0.6,0.6,0.6,0.4,0.4,0.4,0.4,0.4,0.0,0.0,0.0,0.0,0.0,0.6,0.6,0.6,0.6,0.6,2.0
49.8,0.6,0.6,0.6,0.6,0.6,0.4,0.4,0.4,0.4,0.4,0.0,0.0,0.0,0.0,0.0,0.6,0.6,0.6,0.6,0.6,2.0
50.0,0.6,0.6,0.6,0.6,0.6,0.4,0.4,0.4,0.4,0.4,0.0,0.0,0.0,0.0,0.0,0.6,0.6,0.6,0.6,0.6,2.0
50.2,0.6,0.6,0.6,0.6,0.6,0.4,0.4,0.4,0.4,0.4,0.0,0.0,0.0,0.0,0.0,0.6,0.6,0.6,0.6,0.6,2.0
50.4,0.6,0.6,0.6,0.6,0.6,0.4,0.4,0.4,0.4,0.4,0.0,0.0,0.0,0.0,0.0,0.6,0.6,0.6,0.6,0.6,2.0
50.6,0.6,0.6,0.6,0.6,0.6,0.4,0.4,0.4,0.4,0.4,0.0,0.0,0.0,0.0,0.0,0.6,0.6,0.6,0.6,0.6,2.0
50.8,0.6,0.6,0.6,0.6,0.6,0.4,0.4,0.4,0.4,0.4,0.0,0.0,0.0,0.0,0.0,0.6,0.6,0.6,0.6,0.6,2.0
51.0,0.6,0.6,0.6,0.6,0.6,0.4,0.4,0.4,0.4,0.4,0.0,0.0,0.0,0.0,0.0,0.6,0.6,0.6,0.6,0.6,2.0
51.2,0.6,0.6,0.6,0.6,0.6,0.4,0.4,0.4,0.4,0.4,0.0,0.0,0.0,0.0,0.0,0.6,0.6,0.6,0.6,0.6,2.0
51.4,0.6,0.6,0.6,0.6,0.6,0.4,0.4,0.4,0.4,0.4,0.0,0.0,0.0,0.0,0.0,0.6,0.6,0.6,0.6,0.6,2.0
51.6,0.6,0.6,0.6,0.6,0.6,0.4,0.4,0.4,0.4,0.4,0.0,0.0,0.0,0.0,0.0,0.6,0.6,0.6,0.6,0.6,2.0
51.8,0.6,0.6,0.6,0.6,0.6,0.4,0.4,0.4,0.4,0.4,0.0,0.0,0.0,0.0,0.0,0.6,0.6,0.6,0.6,0.6,2.0
52.0,0.6,0.6,0.6,0.6,0.6,0.4,0.4,0.4,0.4,0.4,0.0,0.0,0.0,0.0,0.0,0.6,0.6,0.6,0.6,0.6,2.0
52.2,0.6,0.6,0.6,0.6,0.6,0.4,0.4,0.4,0.4,0.4,0.0,0.0,0.0,0.0,0.0,0.6,0.6,0.6,0.6,0.6,2.0
52.4,0.6,0.6,0.6,0.6,0.6,0.4,0.4,0.4,0.4,0.4,0.0,0.0,0.0,0.0,0.0,0.6,0.6,0.6,0.6,0.6,2.0
52.6,0.6,0.6,0.6,0.6,0.6,0.4,0.4,0.4,0.4,0.4,0.0,0.0,0.0,0.0,0.0,0.6,0.6,0.6,0.6,0.6,2.0
52.8,0.6,0.6,0.6,0.6,0.6,0.4,0.4,0.4,0.4,0.4,0.0,0.0,0.0,0.0,0.0,0.6,0.6,0.6,0.6,0.6,2.0
53.0,0.6,0.6,0.6,0.6,0.6,0.4,0.4,0.4,0.4,0.4,0.0,0.0,0.0,0.0,0.0,0.6,0.6,0.6,0.6,0.6,2.0
53.2,0.6,0.6,0.6,0.6,0.6,0.4,0.4,0.4,0.4,0.4,0.0,0.0,0.0,0.0,0.0,0.6,0.6,0.6,0.6,0.6,2.0
53.4,0.6,0.6,0.6,0.6,0.6,0.4,0.4,0.4,0.4,0.4,0.0,0.0,0.0,0.0,0.0,0.6,0.6,0.6,0.6,0.6,2.0
53.6,0.6,0.6,0.6,0.6,0.6,0.4,0.4,0.4,0.4,0.4,0.0,0.0,0.0,0.0,0.0,0.6,0.6,0.6,0.6,0.6,2.0
53.8,0.6,0.6,0.6,0.6,0.6,0.4,0.4,0.4,0.4,0.4,0.0,0.0,0.0,0.0,0.0,0.6,0.6,0.6,0.6,0.6,2.0
54.0,0.6,0.6,0.6,0.6,0.6,0.4,0.4,0.4,0.4,0.4,0.0,0.0,0.0,0.0,0.0,0.6,0.6,0.6,0.6,0.6,2.0
54.2,0.6,0.6,0.6,0.6,0.6,0.4,0.4,0.4,0.4,0.4,0.0,0.0,0.0,0.0,0.0,0.6,0.6,0.6,0.6,0.6,2.0
54.4,0.6,0.6,0.6,0.6,0.6,0.4,0.4,0.4,0.4,0.4,0.0,0.0,0.0,0.0,0.0,0.6,0.6,0.6,0.6,0.6,2.0
54.6,0.6,0.6,0.6,0.6,0.6,0.4,0.4,0.4,0.4,0.4,0.0,0.0,0.0,0.0,0.0,0.6,0.6,0.6,0.6,0.6,2.0
54.8,0.6,0.6,0.6,0.6,0.6,0.4,0.4,0.4,0.4,0.4,0.0,0.0,0.0,0.0,0.0,0.6,0.6,0.6,0.6,0.6,2.0
55.0,0.6,0.6,0.6,0.6,0.6,0.4,0.4,0.4,0.4,0.4,0.0,0.0,0.0,0.0,0.0,0.6,0.6,0.6,0.6,0.6,2.0
55.2,0.6,0.6,0.6,0.6,0.6,0.4,0.4,0.4,0.4,0.4,0.0,0.0,0.0,0.0,0.0,0.6,0.6,0.6,0.6,0.6,2.0
55.4,0.6,0.6,0.6,0.6,0.6,0.4,0.4,0.4,0.4,0.4,0.0,0.0,0.0,0.0,0.0,0.6,0.6,0.6,0.6,0.6,2.0
55.6,0.6,0.6,0.6,0.6,0.6,0.4,0.4,0.4,0.4,0.4,0.0,0.0,0.0,0.0,0.0,0.6,0.6,0.6,0.6,0.6,2.0
55.8,0.6,0.6,0.6,0.6,0.6,0.4,0.4,0.4,0.4,0.4,0.0,0.0,0.0,0.0,0.0,0.6,0.6,0.6,0.6,0.6,2.0
56.0,0.6,0.6,0.6,0.6,0.6,0.4,0.4,0.4,0.4,0.4,0.0,0.0,0.0,0.0,0.0,0.6,0.6,0.6,0.6,0.6,2.0
56.2,0.6,0.6,0.6,0.6,0.6,0.4,0.4,0.4,0.4,0.4,0.0,0.0,0.0,0.0,0.0,0.6,0.6,0.6,0.6,0.6,2.0
56.4,0.6,0.6,0.6,0.6,0.6,0.4,0.4,0.4,0.4,0.4,0.0,0.0,0.0,0.0,0.0,0.6,0.6,0.6,0.6,0.6,2.0
56.6,0.6,0.6,0.6,0.6,0.6,0.4,0.4,0.4,0.4,0.4,0.0,0.0,0.0,0.0,0.0,0.6,0.6,0.6,0.6,0.6,2.0
56.8,0.6,0.6,0.6,0.6,0.6,0.4,0.4,0.4,0.4,0.4,0.0,0.0,0.0,0.0,0.0,0.6,0.6,0.6,0.6,0.6,2.0
57.0,0.6,0.6,0.6,0.6,0.6,0.4,0.4,0.4,0.4,0.4,0.0,0.0,0.0,0.0,0.0,0.6,0.6,0.6,0.6,0.6,2.0
57.2,0.6,0.6,0.6,0.6,0.6,0.4,0.4,0.4,0.4,0.4,0.0,0.0,0.0,0.0,0.0,0.6,0.6,0.6,0.6,0.6,2.0
57.4,0.6,0.6,0.6,0.6,0.6,0.4,0.4,0.4,0.4,0.4,0.0,0.0,0.0,0.0,0.0,0.6,0.6,0.6,0.6,0.6,2.0
57.6,0.6,0.6,0.6,0.6,0.6,0.4,0.4,0.4,0.4,0.4,0.0,0.0,0.0,0.0,0.0,0.6,0.6,0.6,0.6,0.6,2.0
57.8,0.6,0.6,0.6,0.6,0.6,0.4,0.4,0.4,0.4,0.4,0.0,0.0,0.0,0.0,0.0,0.6,0.6,0.6,0.6,0.6,2.0
58.0,0.6,0.6,0.6,0.6,0.6,0.4,0.4,0.4,0.4,0.4,0.0,0.0,0.0,0.0,0.0,0.6,0.6,0.6,0.6,0.6,2.0
58.2,0.6,0.6,0.6,0.6,0.6,0.4,0.4,0.4,0.4,0.4,0.0,0.0,0.0,0.0,0.0,0.6,0.6,0.6,0.6,0.6,2.0
58.4,0.6,0.6,0.6,0.6,0.6,0.4,0.4,0.4,0.4,0.4,0.0,0.0,0.0,0.0,0.0,0.6,0.6,0.6,0.6,0.6,2.0
58.6,0.6,0.6,0.6,0.6,0.6,0.4,0.4,0.4,0.4,0.4,0.0,0.0,0.0,0.0,0.0,0.6,0.6,0.6,0.6,0.6,2.0
58.8,0.6,0.6,0.6,0.6,0.6,0.4,0.4,0.4,0.4,0.4,0.0,0.0,0.0,0.0,0.0,0.6,0.6,0.6,0.6,0.6,2.0
59.0,0.6,0.6,0.6,0.6,0.6,0.4,0.4,0.4,0.4,0.4,0.0,0.0,0.0,0.0,0.0,0.6,0.6,0.6,0.6,0.6,2.0
59.2,0.6,0.6,0.6,0.6,0.6,0.4,0.4,0.4,0.4,0.4,0.0,0.0,0.0,0.0,0.0,0.6,0.6,0.6,0.6,0.6,2.0
59.4,0.6,0.6,0.6,0.6,0.6,0.4,0.4,0.4,0.4,0.4,0.0,0.0,0.0,0.0,0.0,0.6,0.6,0.6,0.6,0.6,2.0
59.6,0.6,0.6,0.6,0.6,0.6,0.4,0.4,0.4,0.4,0.4,0.0,0.0,0.0,0.0,0.0,0.6,0.6,0.6,0.6,0.6,2.0
59.8,0.6,0.6,0.6,0.6,0.6,0.4,0.4,0.4,0.4,0.4,0.0,0.0,0.0,0.0,0.0,0.6,0.6,0.6,0.6,0.6,2.0
60.0,0.6,0.6,0.6,0.6,0.6,0.4,0.4,0.4,0.4,0.4,0.0,0.0,0.0,0.0,0.0,0.6,0.6,0.6,0.6,0.6,2.0
60.2,0.6,0.6,0.6,0.6,0.6,0.4,0.4,0.4,0.4,0.4,0.0,0.0,0.0,0.0,0.0,0.6,0.6,0.6,0.6,0.6,2.0
60.4,0.6,0.6,0.6,0.6,0.6,0.4,0.4,0.4,0.4,0.4,0.0,0.0,0.0,0.0,0.0,0.6,0.6,0.6,0.6,0.6,2.0
60.6,0.6,0.6,0.6,0.6,0.6,0.4,0.4,0.4,0.4,0.4,0.0,0.0,0.0,0.0,0.0,0.6,0.6,0.6,0.6,0.6,2.0
60.8,0.6,0.6,0.6,0.6,0.6,0.4,0.4,0.4,0.4,0.4,0.0,0.0,0.0,0.0,0.0,0.6,0.6,0.6,0.6,0.6,2.0
61.0,0.6,0.6,0.6,0.6,0.6,0.4,0.4,0.4,0.4,0.4,0.0,0.0,0.0,0.0,0.0,0.6,0.6,0.6,0.6,0.6,2.0
61.2,0.6,0.6,0.6,0.6,0.6,0.4,0.4,0.4,0.4,0.4,0.0,0.0,0.0,0.0,0.0,0.6,0.6,0.6,0.6,0.6,2.0
61.4,0.6,0.6,0.6,0.6,0.6,0.4,0.4,0.4,0.4,0.4,0.0,0.0,0.0,0.0,0.0,0.6,0.6,0.6,0.6,0.6,2.0
61.6,0.6,0.6,0.6,0.6,0.6,0.4,0.4,0.4,0.4,0.4,0.0,0.0,0.0,0.0,0.0,0.6,0.6,0.6,0.6,0.6,2.0
61.8,0.6,0.6,0.6,0.6,0.6,0.4,0.4,0.4,0.4,0.4,0.0,0.0,0.0,0.0,0.0,0.6,0.6,0.6,0.6,0.6,2.0
62.0,0.6,0.6,0.6,0.6,0.6,0.4,0.4,0.4,0.4,0.4,0.0,0.0,0.0,0.0,0.0,0.6,0.6,0.6,0.6,0.6,2.0
62.2,0.6,0.6,0.6,0.6,0.6,0.4,0.4,0.4,0.4,0.4,0.0,0.0,0.0,0.0,0.0,0.6,0.6,0.6,0.6,0.6,2.0
62.4,0.6,0.6,0.6,0.6,0.6,0.4,0.4,0.4,0.4,0.4,0.0,0.0,0.0,0.0,0.0,0.6,0.6,0.6,0.6,0.6,2.0
62.6,0.6,0.6,0.6,0.6,0.6,0.4,0.4,0.4,0.4,0.4,0.0,0.0,0.0,0.0,0.0,0.6,0.6,0.6,0.6,0.6,2.0
62.8,0.6,0.6,0.6,0.6,0.6,0.4,0.4,0.4,0.4,0.4,0.0,0.0,0.0,0.0,0.0,0.6,0.6,0.6,0.6,0.6,2.0
63.0,0.6,0.6,0.6,0.6,0.6,0.4,0.4,0.4,0.4,0.4,0.0,0.0,0.0,0.0,0.0,0.6,0.6,0.6,0.6,0.6,2.0
63.2,0.6,0.6,0.6,0.6,0.6,0.4,0.4,0.4,0.4,0.4,0.0,0.0,0.0,0.0,0.0,0.6,0.6,0.6,0.6,0.6,2.0
63.4,0.6,0.6,0.6,0.6,0.6,0.4,0.4,0.4,0.4,0.4,0.0,0.0,0.0,0.0,0.0,0.6,0.6,0.6,0.6,0.6,2.0
63.6,0.6,0.6,0.6,0.6,0.6,0.4,0.4,0.4,0.4,0.4,0.0,0.0,0.0,0.0,0.0,0.6,0.6,0.6,0.6,0.6,2.0
63.8,0.6,0.6,0.6,0.6,0.6,0.4,0.4,0.4,0.4,0.4,0.0,0.0,0.0,0.0,0.0,0.6,0.6,0.6,0.6,0.6,2.0
64.0,0.6,0.6,0.6,0.6,0.6,0.4,0.4,0.4,0.4,0.4,0.0,0.0,0.0,0.0,0.0,0.6,0.6,0.6,0.6,0.6,2.0
64.2,0.6,0.6,0.6,0.6,0.6,0.4,0.4,0.4,0.4,0.4,0.0,0.0,0.0,0.0,0.0,0.6,0.6,0.6,0.6,0.6,2.0
64.4,0.6,0.6,0.6,0.6,0.6,0.4,0.4,0.4,0.4,0.4,0.0,0.0,0.0,0.0,0.0,0.6,0.6,0.6,0.6,0.6,2.0
64.6,0.6,0.6,0.6,0.6,0.6,0.4,0.4,0.4,0.4,0.4,0.0,0.0,0.0,0.0,0.0,0.6,0.6,0.6,0.6,0.6,2.0
64.8,0.6,0.6,0.6,0.6,0.6,0.4,0.4,0.4,0.4,0.4,0.0,0.0,0.0,0.0,0.0,0.6,0.6,0.6,0.6,0.6,2.0
65.0,0.6,0.6,0.6,0.6,0.6,0.4,0.4,0.4,0.4,0.4,0.0,0.0,0.0,0.0,0.0,0.6,0.6,0.6,0.6,0.6,2.0
65.2,0.6,0.6,0.6,0.6,0.6,0.4,0.4,0.4,0.4,0.4,0.0,0.0,0.0,0.0,0.0,0.6,0.6,0.6,0.6,0.6,2.0
65.4,0.6,0.6,0.6,0.6,0.6,0.4,0.4,0.4,0.4,0.4,0.0,0.0,0.0,0.0,0.0,0.6,0.6,0.6,0.6,0.6,2.0
65.6,0.6,0.6,0.6,0.6,0.6,0.4,0.4,0.4,0.4,0.4,0.0,0.0,0.0,0.0,0.0,0.6,0.6,0.6,0.6,0.6,2.0
65.8,0.6,0.6,0.6,0.6,0.6,0.4,0.4,0.4,0.4,0.4,0.0,0.0,0.0,0.0,0.0,0.6,0.6,0.6,0.6,0.6,2.0
66.0,0.6,0.6,0.6,0.6,0.6,0.4,0.4,0.4,0.4,0.4,0.0,0.0,0.0,0.0,0.0,0.6,0.6,0.6,0.6,0.6,2.0
66.2,0.6,0.6,0.6,0.6,0.6,0.4,0.4,0.4,0.4,0.4,0.0,0.0,0.0,0.0,0.0,0.6,0.6,0.6,0.6,0.6,2.0
66.4,0.6,0.6,0.6,0.6,0.6,0.4,0.4,0.4,0.4,0.4,0.0,0.0,0.0,0.0,0.0,0.6,0.6,0.6,0.6,0.6,2.0
66.6,0.6,0.6,0.6,0.6,0.6,0.4,0.4,0.4,0.4,0.4,0.0,0.0,0.0,0.0,0.0,0.6,0.6,0.6,0.6,0.6,2.0
66.8,0.6,0.6,0.6,0.6,0.6,0.4,0.4,0.4,0.4,0.4,0.0,0.0,0.0,0.0,0.0,0.6,0.6,0.6,0.6,0.6,2.0
67.0,0.6,0.6,0.6,0.6,0.6,0.4,0.4,0.4,0.4,0.4,0.0,0.0,0.0,0.0,0.0,0.6,0.6,0.6,0.6,0.6,2.0
67.2,0.6,0.6,0.6,0.6,0.6,0.4,0.4,0.4,0.4,0.4,0.0,0.0,0.0,0.0,0.0,0.6,0.6,0.6,0.6,0.6,2.0
67.4,0.6,0.6,0.6,0.6,0.6,0.4,0.4,0.4,0.4,0.4,0.0,0.0,0.0,0.0,0.0,0.6,0.6,0.6,0.6,0.6,2.0
67.6,0.6,0.6,0.6,0.6,0.6,0.4,0.4,0.4,0.4,0.4,0.0,0.0,0.0,0.0,0.0,0.6,0.6,0.6,0.6,0.6,2.0
67.8,0.6,0.6,0.6,0.6,0.6,0.4,0.4,0.4,0.4,0.4,0.0,0.0,0.0,0.0,0.0,0.6,0.6,0.6,0.6,0.6,2.0
68.0,0.6,0.6,0.6,0.6,0.6,0.4,0.4,0.4,0.4,0.4,0.0,0.0,0.0,0.0,0.0,0.6,0.6,0.6,0.6,0.6,2.0
68.2,0.6,0.6,0.6,0.6,0.6,0.4,0.4,0.4,0.4,0.4,0.0,0.0,0.0,0.0,0.0,0.6,0.6,0.6,0.6,0.6,2.0
68.4,0.6,0.6,0.6,0.6,0.6,0.4,0.4,0.4,0.4,0.4,0.0,0.0,0.0,0.0,0.0,0.6,0.6,0.6,0.6,0.6,2.0
68.6,0.6,0.6,0.6,0.6,0.6,0.4,0.4,0.4,0.4,0.4,0.0,0.0,0.0,0.0,0.0,0.6,0.6,0.6,0.6,0.6,2.0
68.8,0.6,0.6,0.6,0.6,0.6,0.4,0.4,0.4,0.4,0.4,0.0,0.0,0.0,0.0,0.0,0.6,0.6,0.6,0.6,0.6,2.0
69.0,0.6,0.6,0.6,0.6,0.6,0.4,0.4,0.4,0.4,0.4,0.0,0.0,0.0,0.0,0.0,0.6,0.6,0.6,0.6,0.6,2.0
69.2,0.6,0.6,0.6,0.6,0.6,0.4,0.4,0.4,0.4,0.4,0.0,0.0,0.0,0.0,0.0,0.6,0.6,0.6,0.6,0.6,2.0
69.4,0.6,0.6,0.6,0.6,0.6,0.4,0.4,0.4,0.4,0.4,0.0,0.0,0.0,0.0,0.0,0.6,0.6,0.6,0.6,0.6,2.0
69.6,0.6,0.6,0.6,0.6,0.6,0.4,0.4,0.4,0.4,0.4,0.0,0.0,0.0,0.0,0.0,0.6,0.6,0.6,0.6,0.6,2.0
69.8,0.6,0.6,0.6,0.6,0.6,0.4,0.4,0.4,0.4,0.4,0.0,0.0,0.0,0.0,0.0,0.6,0.6,0.6,0.6,0.6,2.0
70.0,0.6,0.6,0.6,0.6,0.6,0.4,0.4,0.4,0.4,0.4,0.0,0.0,0.0,0.0,0.0,0.6,0.6,0.6,0.6,0.6,2.0
70.2,0.6,0.6,0.6,0.6,0.6,0.4,0.4,0.4,0.4,0.4,0.0,0.0,0.0,0.0,0.0,0.6,0.6,0.6,0.6,0.6,2.0
70.4,0.6,0.6,0.6,0.6,0.6,0.4,0.4,0.4,0.4,0.4,0.0,0.0,0.0,0.0,0.0,0.6,0.6,0.6,0.6,0.6,2.0
70.6,0.6,0.6,0.6,0.6,0.6,0.4,0.4,0.4,0.4,0.4,0.0,0.0,0.0,0.0,0.0,0.6,0.6,0.6,0.6,0.6,2.0
70.8,0.6,0.6,0.6,0.6,0.6,0.4,0.4,0.4,0.4,0.4,0.0,0.0,0.0,0.0,0.0,0.6,0.6,0.6,0.6,0.6,2.0
71.0,0.6,0.6,0.6,0.6,0.6,0.4,0.4,0.4,0.4,0.4,0.0,0.0,0.0,0.0,0.0,0.6,0.6,0.6,0.6,0.6,2.0
71.2,0.6,0.6,0.6,0.6,0.6,0.4,0.4,0.4,0.4,0.4,0.0,0.0,0.0,0.0,0.0,0.6,0.6,0.6,0.6,0.6,2.0
71.4,0.6,0.6,0.6,0.6,0.6,0.4,0.4,0.4,0.4,0.4,0.0,0.0,0.0,0.0,0.0,0.6,0.6,0.6,0.6,0.6,2.0
71.6,0.6,0.6,0.6,0.6,0.6,0.4,0.4,0.4,0.4,0.4,0.0,0.0,0.0,0.0,0.0,0.6,0.6,0.6,0.6,0.6,2.0
71.8,0.6,0.6,0.6,0.6,0.6,0.4,0.4,0.4,0.4,0.4,0.0,0.0,0.0,0.0,0.0,0.6,0.6,0.6,0.6,0.6,2.0
72.0,0.6,0.6,0.6,0.6,0.6,0.4,0.4,0.4,0.4,0.4,0.0,0.0,0.0,0.0,0.0,0.6,0.6,0.6,0.6,0.6,2.0
72.2,0.6,0.6,0.6,0.6,0.6,0.4,0.4,0.4,0.4,0.4,0.0,0.0,0.0,0.0,0.0,0.6,0.6,0.6,0.6,0.6,2.0
72.4,0.6,0.6,0.6,0.6,0.6,0.4,0.4,0.4,0.4,0.4,0.0,0.0,0.0,0.0,0.0,0.6,0.6,0.6,0.6,0.6,2.0
72.6,0.6,0.6,0.6,0.6,0.6,0.4,0.4,0.4,0.4,0.4,0.0,0.0,0.0,0.0,0.0,0.6,0.6,0.6,0.6,0.6,2.0
72.8,0.6,0.6,0.6,0.6,0.6,0.4,0.4,0.4,0.4,0.4,0.0,0.0,0.0,0.0,0.0,0.6,0.6,0.6,0.6,0.6,2.0
73.0,0.6,0.6,0.6,0.6,0.6,0.4,0.4,0.4,0.4,0.4,0.0,0.0,0.0,0.0,0.0,0.6,0.6,0.6,0.6,0.6,2.0
73.2,0.6,0.6,0.6,0.6,0.6,0.4,0.4,0.4,0.4,0.4,0.0,0.0,0.0,0.0,0.0,0.6,0.6,0.6,0.6,0.6,2.0
73.4,0.6,0.6,0.6,0.6,0.6,0.4,0.4,0.4,0.4,0.4,0.0,0.0,0.0,0.0,0.0,0.6,0.6,0.6,0.6,0.6,2.0
73.6,0.6,0.6,0.6,0.6,0.6,0.4,0.4,0.4,0.4,0.4,0.0,0.0,0.0,0.0,0.0,0.6,0.6,0.6,0.6,0.6,2.0
73.8,0.6,0.6,0.6,0.6,0.6,0.4,0.4,0.4,0.4,0.4,0.0,0.0,0.0,0.0,0.0,0.6,0.6,0.6,0.6,0.6,2.0
74.0,0.6,0.6,0.6,0.6,0.6,0.4,0.4,0.4,0.4,0.4,0.0,0.0,0.0,0.0,0.0,0.6,0.6,0.6,0.6,0.6,2.0
74.2,0.6,0.6,0.6,0.6,0.6,0.4,0.4,0.4,0.4,0.4,0.0,0.0,0.0,0.0,0.0,0.6,0.6,0.6,0.6,0.6,2.0
74.4,0.6,0.6,0.6,0.6,0.6,0.4,0.4,0.4,0.4,0.4,0.0,0.0,0.0,0.0,0.0,0.6,0.6,0.6,0.6,0.6,2.0
74.6,0.6,0.6,0.6,0.6,0.6,0.4,0.4,0.4,0.4,0.4,0.0,0.0,0.0,0.0,0.0,0.6,0.6,0.6,0.6,0.6,2.0
74.8,0.6,0.6,0.6,0.6,0.6,0.4,0.4,0.4,0.4,0.4,0.0,0.0,0.0,0.0,0.0,0.6,0.6,0.6,0.6,0.6,2.0
75.0,0.6,0.6,0.6,0.6,0.6,0.4,0.4,0.4,0.4,0.4,0.0,0.0,0.0,0.0,0.0,0.6,0.6,0.6,0.6,0.6,2.0
75.2,0.6,0.6,0.6,0.6,0.6,0.4,0.4,0.4,0.4,0.4,0.0,0.0,0.0,0.0,0.0,0.6,0.6,0.6,0.6,0.6,2.0
75.4,0.6,0.6,0.6,0.6,0.6,0.4,0.4,0.4,0.4,0.4,0.0,0.0,0.0,0.0,0.0,0.6,0.6,0.6,0.6,0.6,2.0
75.6,0.6,0.6,0.6,0.6,0.6,0.4,0.4,0.4,0.4,0.4,0.0,0.0,0.0,0.0,0.0,0.6,0.6,0.6,0.6,0.6,2.0
75.8,0.6,0.6,0.6,0.6,0.6,0.4,0.4,0.4,0.4,0.4,0.0,0.0,0.0,0.0,0.0,0.6,0.6,0.6,0.6,0.6,2.0
76.0,0.6,0.6,0.6,0.6,0.6,0.4,0.4,0.4,0.4,0.4,0.0,0.0,0.0,0.0,0.0,0.6,0.6,0.6,0.6,0.6,2.0
76.2,0.6,0.6,0.6,0.6,0.6,0.4,0.4,0.4,0.4,0.4,0.0,0.0,0.0,0.0,0.0,0.6,0.6,0.6,0.6,0.6,2.0
76.4,0.6,0.6,0.6,0.6,0.6,0.4,0.4,0.4,0.4,0.4,0.0,0.0,0.0,0.0,0.0,0.6,0.6,0.6,0.6,0.6,2.0
76.6,0.6,0.6,0.6,0.6,0.6,0.4,0.4,0.4,0.4,0.4,0.0,0.0,0.0,0.0,0.0,0.6,0.6,0.6,0.6,0.6,2.0
76.8,0.6,0.6,0.6,0.6,0.6,0.4,0.4,0.4,0.4,0.4,0.0,0.0,0.0,0.0,0.0,0.6,0.6,0.6,0.6,0.6,2.0
77.0,0.6,0.6,0.6,0.6,0.6,0.4,0.4,0.4,0.4,0.4,0.0,0.0,0.0,0.0,0.0,0.6,0.6,0.6,0.6,0.6,2.0
77.2,0.6,0.6,0.6,0.6,0.6,0.4,0.4,0.4,0.4,0.4,0.0,0.0,0.0,0.0,0.0,0.6,0.6,0.6,0.6,0.6,2.0
77.4,0.6,0.6,0.6,0.6,0.6,0.4,0.4,0.4,0.4,0.4,0.0,0.0,0.0,0.0,0.0,0.6,0.6,0.6,0.6,0.6,2.0
77.6,0.6,0.6,0.6,0.6,0.6,0.4,0.4,0.4,0.4,0.4,0.0,0.0,0.0,0.0,0.0,0.6,0.6,0.6,0.6,0.6,2.0
77.8,0.6,0.6,0.6,0.6,0.6,0.4,0.4,0.4,0.4,0.4,0.0,0.0,0.0,0.0,0.0,0.6,0.6,0.6,0.6,0.6,2.0
78.0,0.6,0.6,0.6,0.6,0.6,0.4,0.4,0.4,0.4,0.4,0.0,0.0,0.0,0.0,0.0,0.6,0.6,0.6,0.6,0.6,2.0
78.2,0.6,0.6,0.6,0.6,0.6,0.4,0.4,0.4,0.4,0.4,0.0,0.0,0.0,0.0,0.0,0.6,0.6,0.6,0.6,0.6,2.0
78.4,0.6,0.6,0.6,0.6,0.6,0.4,0.4,0.4,0.4,0.4,0.0,0.0,0.0,0.0,0.0,0.6,0.6,0.6,0.6,0.6,2.0
78.6,0.6,0.6,0.6,0.6,0.6,0.4,0.4,0.4,0.4,0.4,0.0,0.0,0.0,0.0,0.0,0.6,0.6,0.6,0.6,0.6,2.0
78.8,0.6,0.6,0.6,0.6,0.6,0.4,0.4,0.4,0.4,0.4,0.0,0.0,0.0,0.0,0.0,0.6,0.6,0.6,0.6,0.6,2.0
79.0,0.6,0.6,0.6,0.6,0.6,0.4,0.4,0.4,0.4,0.4,0.0,0.0,0.0,0.0,0.0,0.6,0.6,0.6,0.6,0.6,2.0
79.2,0.6,0.6,0.6,0.6,0.6,0.4,0.4,0.4,0.4,0.4,0.0,0.0,0.0,0.0,0.0,0.6,0.6,0.6,0.6,0.6,2.0
79.4,0.6,0.6,0.6,0.6,0.6,0.4,0.4,0.4,0.4,0.4,0.0,0.0,0.0,0.0,0.0,0.6,0.6,0.6,0.6,0.6,2.0
79.6,0.6,0.6,0.6,0.6,0.6,0.4,0.4,0.4,0.4,0.4,0.0,0.0,0.0,0.0,0.0,0.6,0.6,0.6,0.6,0.6,2.0
79.8,0.6,0.6,0.6,0.6,0.6,0.4,0.4,0.4,0.4,0.4,0.0,0.0,0.0,0.0,0.0,0.6,0.6,0.6,0.6,0.6,2.0
80.0,0.6,0.6,0.6,0.6,0.6,0.4,0.4,0.4,0.4,0.4,0.0,0.0,0.0,0.0,0.0,0.6,0.6,0.6,0.6,0.6,2.0
